trial,testing,parameters,initial_deadline,final_deadline,net_reward,actions,success
1,False,"{'a': 0.9999988750002109, 'e': 0.99}",20,0,-188.68640847163155,"{0: 11, 1: 1, 2: 4, 3: 0, 4: 4}",0
2,False,"{'a': 0.999995500003375, 'e': 0.9801}",25,0,-74.84117788440558,"{0: 18, 1: 1, 2: 5, 3: 0, 4: 1}",0
3,False,"{'a': 0.9999898750170859, 'e': 0.970299}",25,0,-123.51582306741406,"{0: 13, 1: 6, 2: 3, 3: 2, 4: 1}",1
4,False,"{'a': 0.999982000054, 'e': 0.96059601}",20,0,-95.27514016700594,"{0: 12, 1: 3, 2: 2, 3: 2, 4: 1}",0
5,False,"{'a': 0.9999718751318357, 'e': 0.9509900498999999}",35,0,-137.36871453540974,"{0: 25, 1: 1, 2: 6, 3: 1, 4: 2}",0
6,False,"{'a': 0.9999595002733742, 'e': 0.941480149401}",20,0,-137.71836948320876,"{0: 13, 1: 1, 2: 3, 3: 0, 4: 3}",0
7,False,"{'a': 0.999944875506459, 'e': 0.9320653479069899}",20,0,-74.61500706428473,"{0: 15, 1: 0, 2: 3, 3: 1, 4: 1}",0
8,False,"{'a': 0.9999280008639958, 'e': 0.9227446944279201}",30,0,-117.63506035788649,"{0: 23, 1: 2, 2: 2, 3: 0, 4: 3}",0
9,False,"{'a': 0.9999088763839525, 'e': 0.9135172474836408}",25,0,-140.55006799165992,"{0: 14, 1: 2, 2: 6, 3: 2, 4: 1}",0
10,False,"{'a': 0.9998875021093592, 'e': 0.9043820750088044}",20,0,-183.74406735872668,"{0: 10, 1: 2, 2: 3, 3: 2, 4: 3}",0
11,False,"{'a': 0.9998638780883079, 'e': 0.8953382542587164}",20,0,-79.1686488613075,"{0: 14, 1: 0, 2: 5, 3: 0, 4: 1}",0
12,False,"{'a': 0.9998380043739528, 'e': 0.8863848717161292}",30,0,-66.650336796306,"{0: 22, 1: 3, 2: 4, 3: 0, 4: 1}",0
13,False,"{'a': 0.9998098810245096, 'e': 0.8775210229989678}",20,0,-107.88591902343919,"{0: 13, 1: 3, 2: 1, 3: 1, 4: 2}",0
14,False,"{'a': 0.9997795081032559, 'e': 0.8687458127689782}",30,0,-195.01675738193927,"{0: 15, 1: 1, 2: 11, 3: 1, 4: 2}",0
15,False,"{'a': 0.9997468856785308, 'e': 0.8600583546412884}",20,0,-132.6038035262643,"{0: 13, 1: 1, 2: 2, 3: 2, 4: 2}",0
16,False,"{'a': 0.9997120138237345, 'e': 0.8514577710948755}",20,0,-97.43884368189453,"{0: 13, 1: 0, 2: 5, 3: 1, 4: 1}",0
17,False,"{'a': 0.9996748926173291, 'e': 0.8429431933839268}",35,0,-227.43135772450609,"{0: 22, 1: 2, 2: 6, 3: 1, 4: 4}",0
18,False,"{'a': 0.9996355221428369, 'e': 0.8345137614500875}",20,3,-109.4157213325786,"{0: 10, 1: 1, 2: 4, 3: 0, 4: 2}",1
19,False,"{'a': 0.9995939024888416, 'e': 0.8261686238355866}",35,0,-174.6015192442925,"{0: 22, 1: 2, 2: 7, 3: 2, 4: 2}",0
20,False,"{'a': 0.9995500337489875, 'e': 0.8179069375972308}",20,0,-63.381733487998964,"{0: 14, 1: 2, 2: 3, 3: 0, 4: 1}",0
21,False,"{'a': 0.9995039160219791, 'e': 0.8097278682212584}",20,0,-89.5754873432267,"{0: 13, 1: 1, 2: 4, 3: 1, 4: 1}",0
22,False,"{'a': 0.9994555494115813, 'e': 0.8016305895390459}",25,0,-65.0575877904776,"{0: 18, 1: 1, 2: 4, 3: 2, 4: 0}",0
23,False,"{'a': 0.999404934026619, 'e': 0.7936142836436554}",25,0,-79.34429344330735,"{0: 18, 1: 1, 2: 4, 3: 1, 4: 1}",0
24,False,"{'a': 0.9993520699809768, 'e': 0.7856781408072188}",20,0,-33.24905126540981,"{0: 14, 1: 1, 2: 5, 3: 0, 4: 0}",0
25,False,"{'a': 0.9992969573935987, 'e': 0.7778213593991467}",25,0,-71.87776943858522,"{0: 18, 1: 1, 2: 5, 3: 0, 4: 1}",0
26,False,"{'a': 0.999239596388488, 'e': 0.7700431458051551}",20,16,8.094985489044358,"{0: 4, 1: 0, 2: 0, 3: 0, 4: 0}",1
27,False,"{'a': 0.999179987094707, 'e': 0.7623427143471035}",30,4,-62.03615892141674,"{0: 22, 1: 2, 2: 0, 3: 0, 4: 2}",1
28,False,"{'a': 0.9991181296463766, 'e': 0.7547192872036326}",25,15,-69.11563327209286,"{0: 6, 1: 0, 2: 2, 3: 1, 4: 1}",1
29,False,"{'a': 0.999054024182676, 'e': 0.7471720943315961}",20,0,-73.53156819850746,"{0: 14, 1: 1, 2: 3, 3: 1, 4: 1}",0
30,False,"{'a': 0.9989876708478425, 'e': 0.7397003733882802}",25,0,-54.548041339794466,"{0: 21, 1: 0, 2: 1, 3: 2, 4: 1}",0
31,False,"{'a': 0.9989190697911708, 'e': 0.7323033696543975}",25,0,-56.441502207512706,"{0: 19, 1: 3, 2: 2, 3: 0, 4: 1}",0
32,False,"{'a': 0.9988482211670138, 'e': 0.7249803359578534}",25,0,-24.10520925180607,"{0: 22, 1: 2, 2: 0, 3: 0, 4: 1}",0
33,False,"{'a': 0.9987751251347804, 'e': 0.7177305325982749}",20,0,-79.31572718199583,"{0: 15, 1: 0, 2: 2, 3: 2, 4: 1}",0
34,False,"{'a': 0.9986997818589368, 'e': 0.7105532272722921}",20,0,-90.16096396822638,"{0: 14, 1: 1, 2: 2, 3: 2, 4: 1}",0
35,False,"{'a': 0.9986221915090054, 'e': 0.7034476949995692}",20,0,-29.668411767473984,"{0: 16, 1: 0, 2: 3, 3: 1, 4: 0}",0
36,False,"{'a': 0.9985423542595644, 'e': 0.6964132180495735}",30,0,-148.64494221788885,"{0: 19, 1: 3, 2: 4, 3: 2, 4: 2}",0
37,False,"{'a': 0.9984602702902475, 'e': 0.6894490858690777}",30,0,-23.066596510780897,"{0: 27, 1: 1, 2: 1, 3: 0, 4: 1}",0
38,False,"{'a': 0.9983759397857438, 'e': 0.682554595010387}",25,0,-109.28226850251177,"{0: 15, 1: 2, 2: 6, 3: 1, 4: 1}",0
39,False,"{'a': 0.9982893629357967, 'e': 0.6757290490602831}",25,0,-83.5719051524314,"{0: 19, 1: 1, 2: 2, 3: 2, 4: 1}",0
40,False,"{'a': 0.9982005399352042, 'e': 0.6689717585696803}",30,0,-57.374577197885536,"{0: 22, 1: 2, 2: 4, 3: 2, 4: 0}",0
41,False,"{'a': 0.9981094709838179, 'e': 0.6622820409839835}",25,8,-59.93999064676926,"{0: 12, 1: 0, 2: 4, 3: 0, 4: 1}",1
42,False,"{'a': 0.9980161562865429, 'e': 0.6556592205741436}",20,0,-72.64366707367381,"{0: 9, 1: 5, 2: 6, 3: 0, 4: 0}",0
43,False,"{'a': 0.9979205960533374, 'e': 0.6491026283684022}",20,0,-71.16772285139162,"{0: 13, 1: 3, 2: 3, 3: 0, 4: 1}",0
44,False,"{'a': 0.9978227904992117, 'e': 0.6426116020847181}",25,0,23.00385071419598,"{0: 23, 1: 1, 2: 1, 3: 0, 4: 0}",0
45,False,"{'a': 0.9977227398442284, 'e': 0.6361854860638709}",25,0,-40.733734166219165,"{0: 22, 1: 0, 2: 1, 3: 1, 4: 1}",0
46,False,"{'a': 0.9976204443135014, 'e': 0.6298236312032323}",20,0,4.309400768349213,"{0: 18, 1: 1, 2: 1, 3: 0, 4: 0}",0
47,False,"{'a': 0.9975159041371955, 'e': 0.6235253948912}",20,15,0.5183502924361316,"{0: 4, 1: 1, 2: 0, 3: 0, 4: 0}",1
48,False,"{'a': 0.9974091195505261, 'e': 0.617290140942288}",20,14,-0.9496157109840211,"{0: 5, 1: 0, 2: 1, 3: 0, 4: 0}",1
49,False,"{'a': 0.9973000907937586, 'e': 0.611117239532865}",30,13,-66.78413645722263,"{0: 14, 1: 0, 2: 1, 3: 0, 4: 2}",1
50,False,"{'a': 0.9971888181122075, 'e': 0.6050060671375364}",30,0,-10.451552525534815,"{0: 25, 1: 4, 2: 0, 3: 1, 4: 0}",0
51,False,"{'a': 0.9970753017562363, 'e': 0.598956006466161}",30,16,-11.362007367576993,"{0: 11, 1: 0, 2: 3, 3: 0, 4: 0}",1
52,False,"{'a': 0.9969595419812568, 'e': 0.5929664464014994}",20,0,19.451372300774352,"{0: 19, 1: 1, 2: 0, 3: 0, 4: 0}",0
53,False,"{'a': 0.9968415390477284, 'e': 0.5870367819374844}",20,0,-87.6789499406364,"{0: 15, 1: 0, 2: 3, 3: 0, 4: 2}",0
54,False,"{'a': 0.9967212932211577, 'e': 0.5811664141181095}",20,0,-49.36267798426834,"{0: 16, 1: 0, 2: 3, 3: 0, 4: 1}",0
55,False,"{'a': 0.9965988047720977, 'e': 0.5753547499769285}",30,12,-49.48567930990306,"{0: 14, 1: 1, 2: 1, 3: 1, 4: 1}",1
56,False,"{'a': 0.9964740739761475, 'e': 0.5696012024771592}",20,0,-103.64500813023892,"{0: 12, 1: 2, 2: 3, 3: 2, 4: 1}",0
57,False,"{'a': 0.9963471011139512, 'e': 0.5639051904523875}",25,0,-81.7292179068958,"{0: 18, 1: 2, 2: 2, 3: 2, 4: 1}",0
58,False,"{'a': 0.9962178864711978, 'e': 0.5582661385478637}",20,0,-97.20535651225043,"{0: 17, 1: 0, 2: 0, 3: 0, 4: 3}",0
59,False,"{'a': 0.99608643033862, 'e': 0.5526834771623851}",25,1,-40.112519903232084,"{0: 19, 1: 2, 2: 2, 3: 0, 4: 1}",1
60,False,"{'a': 0.9959527330119943, 'e': 0.5471566423907612}",20,10,-16.115447098333348,"{0: 8, 1: 0, 2: 1, 3: 1, 4: 0}",1
61,False,"{'a': 0.9958167947921394, 'e': 0.5416850759668536}",30,16,-8.845548730428307,"{0: 11, 1: 0, 2: 3, 3: 0, 4: 0}",1
62,False,"{'a': 0.9956786159849162, 'e': 0.536268225207185}",20,0,-74.88716869524232,"{0: 14, 1: 2, 2: 2, 3: 1, 4: 1}",0
63,False,"{'a': 0.9955381969012274, 'e': 0.5309055429551132}",25,18,3.7958703434168566,"{0: 6, 1: 1, 2: 0, 3: 0, 4: 0}",1
64,False,"{'a': 0.9953955378570153, 'e': 0.525596487525562}",20,0,-76.83325246037106,"{0: 13, 1: 4, 2: 1, 3: 1, 4: 1}",0
65,False,"{'a': 0.9952506391732631, 'e': 0.5203405226503064}",25,15,-62.90997468462757,"{0: 8, 1: 0, 2: 0, 3: 0, 4: 2}",1
66,False,"{'a': 0.9951035011759926, 'e': 0.5151371174238033}",25,0,-98.15344863138255,"{0: 16, 1: 2, 2: 5, 3: 1, 4: 1}",0
67,False,"{'a': 0.9949541241962642, 'e': 0.5099857462495653}",20,0,2.0189862554437403,"{0: 17, 1: 1, 2: 2, 3: 0, 4: 0}",1
68,False,"{'a': 0.994802508570176, 'e': 0.5048858887870696}",20,0,-33.71130346148278,"{0: 17, 1: 1, 2: 1, 3: 0, 4: 1}",0
69,False,"{'a': 0.9946486546388634, 'e': 0.4998370298991989}",20,4,-15.80088743329885,"{0: 15, 1: 0, 2: 0, 3: 0, 4: 1}",1
70,False,"{'a': 0.9944925627484974, 'e': 0.49483865960020695}",20,0,-5.096394021308566,"{0: 17, 1: 0, 2: 3, 3: 0, 4: 0}",0
71,False,"{'a': 0.9943342332502848, 'e': 0.4898902730042049}",25,0,-33.46133044373048,"{0: 20, 1: 1, 2: 3, 3: 1, 4: 0}",0
72,False,"{'a': 0.9941736665004669, 'e': 0.48499137027416284}",20,2,12.855160827427364,"{0: 16, 1: 2, 2: 0, 3: 0, 4: 0}",1
73,False,"{'a': 0.9940108628603187, 'e': 0.4801414565714212}",20,15,-11.048627431052452,"{0: 4, 1: 0, 2: 0, 3: 1, 4: 0}",1
74,False,"{'a': 0.9938458226961485, 'e': 0.47534004200570695}",20,0,-94.83983973704706,"{0: 13, 1: 1, 2: 4, 3: 1, 4: 1}",0
75,False,"{'a': 0.9936785463792964, 'e': 0.4705866415856499}",30,0,-31.88866327605495,"{0: 24, 1: 1, 2: 4, 3: 1, 4: 0}",0
76,False,"{'a': 0.9935090342861342, 'e': 0.46588077516979337}",25,13,8.171278614382164,"{0: 11, 1: 0, 2: 1, 3: 0, 4: 0}",1
77,False,"{'a': 0.9933372867980641, 'e': 0.46122196741809546}",25,0,-14.254450734529197,"{0: 22, 1: 0, 2: 2, 3: 1, 4: 0}",0
78,False,"{'a': 0.9931633043015177, 'e': 0.4566097477439145}",25,6,5.271759102862699,"{0: 17, 1: 0, 2: 2, 3: 0, 4: 0}",1
79,False,"{'a': 0.9929870871879556, 'e': 0.45204365026647536}",25,0,-18.14964566349494,"{0: 20, 1: 1, 2: 4, 3: 0, 4: 0}",0
80,False,"{'a': 0.9928086358538663, 'e': 0.4475232137638106}",30,0,-31.115954765702924,"{0: 27, 1: 0, 2: 2, 3: 0, 4: 1}",0
81,False,"{'a': 0.992627950700765, 'e': 0.4430479816261725}",30,0,-81.4825540774987,"{0: 24, 1: 1, 2: 3, 3: 0, 4: 2}",0
82,False,"{'a': 0.9924450321351935, 'e': 0.43861750180991077}",25,0,12.288380403601343,"{0: 23, 1: 0, 2: 2, 3: 0, 4: 0}",0
83,False,"{'a': 0.9922598805687185, 'e': 0.43423132679181164}",20,0,-53.731184114664735,"{0: 14, 1: 0, 2: 5, 3: 1, 4: 0}",1
84,False,"{'a': 0.9920724964179307, 'e': 0.4298890135238935}",20,12,0.46666746384835056,"{0: 7, 1: 0, 2: 1, 3: 0, 4: 0}",1
85,False,"{'a': 0.9918828801044445, 'e': 0.4255901233886546}",25,3,-17.3781270385518,"{0: 18, 1: 1, 2: 2, 3: 1, 4: 0}",1
86,False,"{'a': 0.9916910320548965, 'e': 0.421334222154768}",20,0,-30.15977926818466,"{0: 17, 1: 0, 2: 1, 3: 2, 4: 0}",0
87,False,"{'a': 0.9914969527009447, 'e': 0.41712087993322033}",25,0,-49.21997723911098,"{0: 19, 1: 1, 2: 3, 3: 2, 4: 0}",0
88,False,"{'a': 0.9913006424792677, 'e': 0.41294967113388814}",25,0,-17.943792188780964,"{0: 23, 1: 1, 2: 0, 3: 0, 4: 1}",0
89,False,"{'a': 0.9911021018315633, 'e': 0.40882017442254925}",20,15,9.357471336475012,"{0: 5, 1: 0, 2: 0, 3: 0, 4: 0}",1
90,False,"{'a': 0.9909013312045479, 'e': 0.4047319726783238}",30,0,-28.0788404539476,"{0: 25, 1: 2, 2: 2, 3: 0, 4: 1}",0
91,False,"{'a': 0.9906983310499554, 'e': 0.40068465295154054}",25,13,-0.21097759292154494,"{0: 10, 1: 1, 2: 1, 3: 0, 4: 0}",1
92,False,"{'a': 0.9904931018245359, 'e': 0.3966778064220251}",25,2,-92.66929124331833,"{0: 16, 1: 1, 2: 3, 3: 2, 4: 1}",1
93,False,"{'a': 0.9902856439900551, 'e': 0.39271102835780486}",20,8,6.769570072658998,"{0: 11, 1: 0, 2: 1, 3: 0, 4: 0}",1
94,False,"{'a': 0.9900759580132933, 'e': 0.3887839180742268}",35,25,-34.72031339199074,"{0: 8, 1: 1, 2: 0, 3: 0, 4: 1}",1
95,False,"{'a': 0.9898640443660435, 'e': 0.38489607889348454}",20,0,-37.47259335183194,"{0: 17, 1: 1, 2: 1, 3: 0, 4: 1}",0
96,False,"{'a': 0.9896499035251115, 'e': 0.38104711810454966}",20,0,1.7749922693689566,"{0: 18, 1: 0, 2: 2, 3: 0, 4: 0}",0
97,False,"{'a': 0.9894335359723141, 'e': 0.37723664692350417}",25,13,-56.38631516969526,"{0: 8, 1: 0, 2: 3, 3: 0, 4: 1}",1
98,False,"{'a': 0.9892149421944781, 'e': 0.37346428045426916}",20,0,-19.990392367790005,"{0: 18, 1: 1, 2: 0, 3: 0, 4: 1}",1
99,False,"{'a': 0.9889941226834397, 'e': 0.36972963764972644}",25,0,-4.138629748359324,"{0: 21, 1: 1, 2: 3, 3: 0, 4: 0}",0
100,False,"{'a': 0.9887710779360422, 'e': 0.3660323412732292}",20,0,-20.66820125705115,"{0: 18, 1: 0, 2: 1, 3: 0, 4: 1}",0
101,False,"{'a': 0.9885458084541368, 'e': 0.3623720178604969}",20,13,3.579181696758486,"{0: 6, 1: 1, 2: 0, 3: 0, 4: 0}",1
102,False,"{'a': 0.9883183147445792, 'e': 0.3587482976818919}",20,0,-28.954186859550788,"{0: 15, 1: 2, 2: 2, 3: 1, 4: 0}",0
103,False,"{'a': 0.9880885973192304, 'e': 0.355160814705073}",20,7,9.897576071555923,"{0: 12, 1: 1, 2: 0, 3: 0, 4: 0}",1
104,False,"{'a': 0.9878566566949545, 'e': 0.35160920655802225}",35,0,-40.458678782554344,"{0: 30, 1: 0, 2: 4, 3: 0, 4: 1}",0
105,False,"{'a': 0.9876224933936179, 'e': 0.348093114492442}",20,14,-8.221904785471384,"{0: 5, 1: 0, 2: 0, 3: 1, 4: 0}",1
106,False,"{'a': 0.9873861079420876, 'e': 0.3446121833475176}",30,0,24.1905673408096,"{0: 28, 1: 0, 2: 2, 3: 0, 4: 0}",0
107,False,"{'a': 0.9871475008722311, 'e': 0.34116606151404244}",20,2,-55.20606905477822,"{0: 14, 1: 1, 2: 1, 3: 1, 4: 1}",1
108,False,"{'a': 0.986906672720914, 'e': 0.337754400898902}",25,0,2.059207309075894,"{0: 23, 1: 0, 2: 1, 3: 1, 4: 0}",0
109,False,"{'a': 0.9866636240299999, 'e': 0.334376856889913}",25,0,-53.202859750168386,"{0: 20, 1: 0, 2: 4, 3: 0, 4: 1}",0
110,False,"{'a': 0.9864183553463477, 'e': 0.33103308832101386}",35,14,5.802107758406867,"{0: 18, 1: 1, 2: 2, 3: 0, 4: 0}",1
111,False,"{'a': 0.9861708672218122, 'e': 0.3277227574378037}",30,0,-43.785381881648405,"{0: 24, 1: 0, 2: 4, 3: 2, 4: 0}",0
112,False,"{'a': 0.9859211602132415, 'e': 0.3244455298634257}",30,8,31.150805895959163,"{0: 22, 1: 0, 2: 0, 3: 0, 4: 0}",1
113,False,"{'a': 0.9856692348824763, 'e': 0.3212010745647914}",25,0,23.035601399064507,"{0: 24, 1: 0, 2: 1, 3: 0, 4: 0}",0
114,False,"{'a': 0.9854150917963483, 'e': 0.3179890638191435}",20,13,0.47336318539098166,"{0: 6, 1: 0, 2: 1, 3: 0, 4: 0}",1
115,False,"{'a': 0.9851587315266797, 'e': 0.31480917318095203}",20,0,-19.60151595254643,"{0: 18, 1: 0, 2: 1, 3: 0, 4: 1}",0
116,False,"{'a': 0.9849001546502806, 'e': 0.3116610814491425}",25,0,32.48584482181543,"{0: 24, 1: 1, 2: 0, 3: 0, 4: 0}",0
117,False,"{'a': 0.9846393617489492, 'e': 0.30854447063465107}",25,19,10.887061407552807,"{0: 6, 1: 0, 2: 0, 3: 0, 4: 0}",1
118,False,"{'a': 0.984376353409469, 'e': 0.3054590259283046}",25,13,7.103495949994028,"{0: 11, 1: 0, 2: 1, 3: 0, 4: 0}",1
119,False,"{'a': 0.9841111302236092, 'e': 0.30240443566902153}",20,2,28.558197496240464,"{0: 18, 1: 0, 2: 0, 3: 0, 4: 0}",1
120,False,"{'a': 0.9838436927881214, 'e': 0.2993803913123313}",20,9,11.694580830621003,"{0: 10, 1: 1, 2: 0, 3: 0, 4: 0}",1
121,False,"{'a': 0.9835740417047399, 'e': 0.296386587399208}",20,13,15.391921503749632,"{0: 7, 1: 0, 2: 0, 3: 0, 4: 0}",1
122,False,"{'a': 0.9833021775801796, 'e': 0.2934227215252159}",25,0,-53.64870242500787,"{0: 21, 1: 0, 2: 2, 3: 1, 4: 1}",0
123,False,"{'a': 0.9830281010261345, 'e': 0.29048849430996376}",25,0,17.55354488413181,"{0: 24, 1: 0, 2: 1, 3: 0, 4: 0}",0
124,False,"{'a': 0.9827518126592768, 'e': 0.2875836093668641}",25,8,-34.17402834092124,"{0: 15, 1: 0, 2: 0, 3: 1, 4: 1}",1
125,False,"{'a': 0.9824733131012553, 'e': 0.28470777327319546}",20,11,-6.405493711626271,"{0: 7, 1: 0, 2: 2, 3: 0, 4: 0}",1
126,False,"{'a': 0.9821926029786937, 'e': 0.2818606955404635}",25,4,-40.07164952195878,"{0: 17, 1: 2, 2: 1, 3: 0, 4: 1}",1
127,False,"{'a': 0.9819096829231898, 'e': 0.27904208858505886}",30,0,12.401376625076807,"{0: 27, 1: 1, 2: 2, 3: 0, 4: 0}",0
128,False,"{'a': 0.9816245535713135, 'e': 0.2762516676992083}",25,11,-21.58929389951089,"{0: 11, 1: 0, 2: 2, 3: 1, 4: 0}",1
129,False,"{'a': 0.981337215564606, 'e': 0.2734891510222162}",25,15,-8.69095416462465,"{0: 8, 1: 0, 2: 2, 3: 0, 4: 0}",1
130,False,"{'a': 0.9810476695495772, 'e': 0.27075425951199406}",25,14,16.512992008986256,"{0: 11, 1: 0, 2: 0, 3: 0, 4: 0}",1
131,False,"{'a': 0.980755916177706, 'e': 0.2680467169168741}",25,18,13.012721851066898,"{0: 7, 1: 0, 2: 0, 3: 0, 4: 0}",1
132,False,"{'a': 0.9804619561054371, 'e': 0.26536624974770534}",30,23,10.021898987451738,"{0: 7, 1: 0, 2: 0, 3: 0, 4: 0}",1
133,False,"{'a': 0.9801657899941806, 'e': 0.2627125872502283}",25,7,-26.63496305947694,"{0: 14, 1: 0, 2: 3, 3: 1, 4: 0}",1
134,False,"{'a': 0.97986741851031, 'e': 0.26008546137772603}",25,0,-13.372986006724108,"{0: 23, 1: 0, 2: 1, 3: 0, 4: 1}",0
135,False,"{'a': 0.9795668423251612, 'e': 0.25748460676394874}",35,0,-10.22922537397335,"{0: 32, 1: 1, 2: 1, 3: 0, 4: 1}",0
136,False,"{'a': 0.9792640621150305, 'e': 0.2549097606963093}",20,10,20.777880521059267,"{0: 10, 1: 0, 2: 0, 3: 0, 4: 0}",1
137,False,"{'a': 0.9789590785611731, 'e': 0.2523606630893462}",20,6,-23.760323838857644,"{0: 13, 1: 0, 2: 0, 3: 0, 4: 1}",1
138,False,"{'a': 0.978651892349802, 'e': 0.2498370564584527}",25,9,8.005462331450499,"{0: 14, 1: 1, 2: 1, 3: 0, 4: 0}",1
139,False,"{'a': 0.9783425041720859, 'e': 0.24733868589386818}",25,16,3.0512117632593823,"{0: 8, 1: 0, 2: 1, 3: 0, 4: 0}",1
140,False,"{'a': 0.9780309147241483, 'e': 0.24486529903492948}",25,12,2.754745032340978,"{0: 12, 1: 0, 2: 0, 3: 1, 4: 0}",1
141,False,"{'a': 0.9777171247070651, 'e': 0.2424166460445802}",30,8,-72.14085069635456,"{0: 17, 1: 0, 2: 2, 3: 2, 4: 1}",1
142,False,"{'a': 0.9774011348268636, 'e': 0.2399924795841344}",25,18,13.463541468185198,"{0: 7, 1: 0, 2: 0, 3: 0, 4: 0}",1
143,False,"{'a': 0.9770829457945213, 'e': 0.23759255478829303}",20,15,10.833355009976907,"{0: 5, 1: 0, 2: 0, 3: 0, 4: 0}",1
144,False,"{'a': 0.9767625583259631, 'e': 0.23521662924041012}",25,16,18.666098440107657,"{0: 9, 1: 0, 2: 0, 3: 0, 4: 0}",1
145,False,"{'a': 0.9764399731420608, 'e': 0.232864462948006}",30,16,4.270455317139379,"{0: 12, 1: 0, 2: 2, 3: 0, 4: 0}",1
146,False,"{'a': 0.9761151909686308, 'e': 0.23053581831852593}",25,11,-19.206237386045228,"{0: 13, 1: 0, 2: 0, 3: 0, 4: 1}",1
147,False,"{'a': 0.9757882125364329, 'e': 0.22823046013534068}",25,10,15.199006367349464,"{0: 14, 1: 0, 2: 1, 3: 0, 4: 0}",1
148,False,"{'a': 0.9754590385811684, 'e': 0.22594815553398728}",25,13,-33.37777780272498,"{0: 10, 1: 0, 2: 1, 3: 0, 4: 1}",1
149,False,"{'a': 0.9751276698434788, 'e': 0.2236886739786474}",25,17,15.55676346766623,"{0: 8, 1: 0, 2: 0, 3: 0, 4: 0}",1
150,False,"{'a': 0.9747941070689433, 'e': 0.22145178723886091}",25,5,-41.59782418218733,"{0: 17, 1: 0, 2: 1, 3: 1, 4: 1}",1
151,False,"{'a': 0.9744583510080781, 'e': 0.2192372693664723}",25,14,10.038573575459074,"{0: 10, 1: 0, 2: 1, 3: 0, 4: 0}",1
152,False,"{'a': 0.9741204024163344, 'e': 0.21704489667280757}",20,9,21.78230969937508,"{0: 11, 1: 0, 2: 0, 3: 0, 4: 0}",1
153,False,"{'a': 0.9737802620540961, 'e': 0.2148744477060795}",20,0,15.48362364838191,"{0: 19, 1: 0, 2: 1, 3: 0, 4: 0}",0
154,False,"{'a': 0.9734379306866789, 'e': 0.2127257032290187}",30,0,-29.821112516716454,"{0: 25, 1: 1, 2: 2, 3: 2, 4: 0}",0
155,False,"{'a': 0.9730934090843285, 'e': 0.21059844619672852}",25,14,-39.9809903988162,"{0: 8, 1: 1, 2: 1, 3: 0, 4: 1}",1
156,False,"{'a': 0.9727466980222181, 'e': 0.20849246173476124}",20,8,-17.52374131267155,"{0: 11, 1: 0, 2: 0, 3: 0, 4: 1}",1
157,False,"{'a': 0.9723977982804476, 'e': 0.2064075371174136}",20,12,15.346110716849692,"{0: 8, 1: 0, 2: 0, 3: 0, 4: 0}",1
158,False,"{'a': 0.9720467106440411, 'e': 0.2043434617462395}",25,8,-16.157247118181683,"{0: 14, 1: 0, 2: 2, 3: 1, 4: 0}",1
159,False,"{'a': 0.9716934359029458, 'e': 0.2023000271287771}",20,3,7.815035048137902,"{0: 15, 1: 0, 2: 2, 3: 0, 4: 0}",1
160,False,"{'a': 0.9713379748520297, 'e': 0.2002770268574893}",30,16,9.221202432155826,"{0: 13, 1: 0, 2: 1, 3: 0, 4: 0}",1
161,False,"{'a': 0.9709803282910798, 'e': 0.19827425658891443}",20,5,21.97182616628279,"{0: 14, 1: 1, 2: 0, 3: 0, 4: 0}",1
162,False,"{'a': 0.970620497024801, 'e': 0.19629151402302528}",30,16,-46.60603446006037,"{0: 11, 1: 0, 2: 1, 3: 1, 4: 1}",1
163,False,"{'a': 0.9702584818628133, 'e': 0.19432859888279502}",20,9,10.084362427657023,"{0: 10, 1: 1, 2: 0, 3: 0, 4: 0}",1
164,False,"{'a': 0.9698942836196508, 'e': 0.19238531289396707}",25,14,4.666376396790765,"{0: 10, 1: 0, 2: 1, 3: 0, 4: 0}",1
165,False,"{'a': 0.9695279031147593, 'e': 0.1904614597650274}",20,13,11.508627182994225,"{0: 7, 1: 0, 2: 0, 3: 0, 4: 0}",1
166,False,"{'a': 0.9691593411724948, 'e': 0.1885568451673771}",30,20,10.049565024505,"{0: 9, 1: 1, 2: 0, 3: 0, 4: 0}",1
167,False,"{'a': 0.9687885986221216, 'e': 0.18667127671570335}",25,10,-85.39934275478714,"{0: 11, 1: 0, 2: 2, 3: 0, 4: 2}",1
168,False,"{'a': 0.9684156762978101, 'e': 0.1848045639485463}",25,2,37.019721695653715,"{0: 23, 1: 0, 2: 0, 3: 0, 4: 0}",1
169,False,"{'a': 0.9680405750386356, 'e': 0.18295651830906084}",25,9,-40.540165578401805,"{0: 13, 1: 0, 2: 2, 3: 0, 4: 1}",1
170,False,"{'a': 0.9676632956885756, 'e': 0.18112695312597024}",25,10,22.237741045905274,"{0: 14, 1: 1, 2: 0, 3: 0, 4: 0}",1
171,False,"{'a': 0.9672838390965085, 'e': 0.17931568359471053}",20,12,13.621050110777317,"{0: 8, 1: 0, 2: 0, 3: 0, 4: 0}",1
172,False,"{'a': 0.9669022061162115, 'e': 0.17752252675876343}",25,10,26.95100362339549,"{0: 15, 1: 0, 2: 0, 3: 0, 4: 0}",1
173,False,"{'a': 0.9665183976063587, 'e': 0.1757473014911758}",20,13,10.585704270507932,"{0: 7, 1: 0, 2: 0, 3: 0, 4: 0}",1
174,False,"{'a': 0.966132414430519, 'e': 0.173989828476264}",25,0,33.601258439417535,"{0: 25, 1: 0, 2: 0, 3: 0, 4: 0}",0
175,False,"{'a': 0.9657442574571544, 'e': 0.1722499301915014}",20,10,15.151525446467002,"{0: 10, 1: 0, 2: 0, 3: 0, 4: 0}",1
176,False,"{'a': 0.965353927559618, 'e': 0.17052743088958636}",20,2,14.967975358289443,"{0: 17, 1: 0, 2: 1, 3: 0, 4: 0}",1
177,False,"{'a': 0.9649614256161518, 'e': 0.1688221565806905}",25,8,19.8748012775078,"{0: 16, 1: 0, 2: 1, 3: 0, 4: 0}",1
178,False,"{'a': 0.9645667525098851, 'e': 0.1671339350148836}",25,10,14.395644307895438,"{0: 14, 1: 0, 2: 1, 3: 0, 4: 0}",1
179,False,"{'a': 0.9641699091288323, 'e': 0.16546259566473476}",20,0,-49.399837952507646,"{0: 16, 1: 0, 2: 3, 3: 0, 4: 1}",0
180,False,"{'a': 0.9637708963658905, 'e': 0.16380796970808742}",25,0,-26.93961314804348,"{0: 22, 1: 0, 2: 2, 3: 0, 4: 1}",0
181,False,"{'a': 0.9633697151188385, 'e': 0.16216989001100654}",20,11,-24.23227685858945,"{0: 8, 1: 0, 2: 0, 3: 0, 4: 1}",1
182,False,"{'a': 0.962966366290334, 'e': 0.16054819111089647}",25,0,-18.42407956759491,"{0: 23, 1: 0, 2: 1, 3: 0, 4: 1}",1
183,False,"{'a': 0.9625608507879115, 'e': 0.1589427091997875}",30,19,-20.421054231675452,"{0: 10, 1: 0, 2: 0, 3: 0, 4: 1}",1
184,False,"{'a': 0.9621531695239809, 'e': 0.15735328210778962}",20,0,23.29603807046241,"{0: 19, 1: 1, 2: 0, 3: 0, 4: 0}",0
185,False,"{'a': 0.9617433234158248, 'e': 0.15577974928671173}",20,5,8.656461176010918,"{0: 13, 1: 1, 2: 1, 3: 0, 4: 0}",1
186,False,"{'a': 0.9613313133855966, 'e': 0.1542219517938446}",20,1,-24.067380179086836,"{0: 17, 1: 0, 2: 1, 3: 0, 4: 1}",1
187,False,"{'a': 0.960917140360319, 'e': 0.15267973227590617}",35,0,45.46729949020471,"{0: 34, 1: 1, 2: 0, 3: 0, 4: 0}",0
188,False,"{'a': 0.9605008052718809, 'e': 0.1511529349531471}",20,0,23.939629010074416,"{0: 19, 1: 0, 2: 1, 3: 0, 4: 0}",0
189,False,"{'a': 0.9600823090570362, 'e': 0.14964140560361563}",25,0,26.609144169030337,"{0: 23, 1: 2, 2: 0, 3: 0, 4: 0}",0
190,False,"{'a': 0.9596616526574011, 'e': 0.14814499154757946}",30,12,2.0963077094252682,"{0: 15, 1: 0, 2: 3, 3: 0, 4: 0}",1
191,False,"{'a': 0.9592388370194523, 'e': 0.14666354163210368}",20,4,0.683490843134958,"{0: 14, 1: 0, 2: 2, 3: 0, 4: 0}",1
192,False,"{'a': 0.9588138630945251, 'e': 0.14519690621578263}",25,11,25.05757216955904,"{0: 14, 1: 0, 2: 0, 3: 0, 4: 0}",1
193,False,"{'a': 0.9583867318388103, 'e': 0.1437449371536248}",20,6,9.537919000768156,"{0: 12, 1: 1, 2: 1, 3: 0, 4: 0}",1
194,False,"{'a': 0.9579574442133532, 'e': 0.14230748778208857}",20,14,2.355471864241096,"{0: 5, 1: 0, 2: 1, 3: 0, 4: 0}",1
195,False,"{'a': 0.9575260011840507, 'e': 0.14088441290426768}",20,0,29.752300419751958,"{0: 20, 1: 0, 2: 0, 3: 0, 4: 0}",0
196,False,"{'a': 0.9570924037216496, 'e': 0.139475568775225}",20,15,-12.135715255941243,"{0: 4, 1: 0, 2: 0, 3: 1, 4: 0}",1
197,False,"{'a': 0.9566566528017438, 'e': 0.13808081308747275}",25,2,37.7551818456933,"{0: 23, 1: 0, 2: 0, 3: 0, 4: 0}",1
198,False,"{'a': 0.9562187494047729, 'e': 0.136700004956598}",25,8,9.521240553057702,"{0: 16, 1: 0, 2: 0, 3: 1, 4: 0}",1
199,False,"{'a': 0.9557786945160192, 'e': 0.13533300490703204}",25,14,21.60541144027118,"{0: 11, 1: 0, 2: 0, 3: 0, 4: 0}",1
200,False,"{'a': 0.955336489125606, 'e': 0.13397967485796172}",25,8,29.207261723682258,"{0: 17, 1: 0, 2: 0, 3: 0, 4: 0}",1
201,False,"{'a': 0.9548921342284954, 'e': 0.1326398781093821}",20,10,-11.317695916355923,"{0: 8, 1: 0, 2: 2, 3: 0, 4: 0}",1
202,False,"{'a': 0.9544456308244855, 'e': 0.13131347932828827}",35,15,13.214286856113189,"{0: 18, 1: 0, 2: 2, 3: 0, 4: 0}",1
203,False,"{'a': 0.953996979918209, 'e': 0.1300003445350054}",20,9,16.60549373330465,"{0: 10, 1: 1, 2: 0, 3: 0, 4: 0}",1
204,False,"{'a': 0.9535461825191301, 'e': 0.12870034108965533}",20,4,28.9631442668112,"{0: 16, 1: 0, 2: 0, 3: 0, 4: 0}",1
205,False,"{'a': 0.9530932396415428, 'e': 0.1274133376787588}",20,13,-4.961583843014821,"{0: 5, 1: 1, 2: 1, 3: 0, 4: 0}",1
206,False,"{'a': 0.9526381523045685, 'e': 0.12613920430197118}",20,10,15.201070201337341,"{0: 10, 1: 0, 2: 0, 3: 0, 4: 0}",1
207,False,"{'a': 0.9521809215321533, 'e': 0.12487781225895148}",35,6,9.766699035281418,"{0: 25, 1: 1, 2: 3, 3: 0, 4: 0}",1
208,False,"{'a': 0.9517215483530664, 'e': 0.12362903413636196}",25,16,18.56442342625359,"{0: 9, 1: 0, 2: 0, 3: 0, 4: 0}",1
209,False,"{'a': 0.9512600338008972, 'e': 0.12239274379499834}",25,11,23.053554375668913,"{0: 14, 1: 0, 2: 0, 3: 0, 4: 0}",1
210,False,"{'a': 0.9507963789140532, 'e': 0.12116881635704835}",20,0,-16.888987059500195,"{0: 18, 1: 1, 2: 0, 3: 0, 4: 1}",0
211,False,"{'a': 0.9503305847357578, 'e': 0.11995712819347787}",20,16,5.388009819449047,"{0: 4, 1: 0, 2: 0, 3: 0, 4: 0}",1
212,False,"{'a': 0.9498626523140478, 'e': 0.11875755691154309}",35,22,15.991086358637622,"{0: 12, 1: 1, 2: 0, 3: 0, 4: 0}",1
213,False,"{'a': 0.9493925827017706, 'e': 0.11756998134242766}",20,12,12.603488078563647,"{0: 8, 1: 0, 2: 0, 3: 0, 4: 0}",1
214,False,"{'a': 0.948920376956583, 'e': 0.11639428152900338}",35,25,17.551997378325705,"{0: 10, 1: 0, 2: 0, 3: 0, 4: 0}",1
215,False,"{'a': 0.9484460361409476, 'e': 0.11523033871371334}",25,20,11.50799197074544,"{0: 5, 1: 0, 2: 0, 3: 0, 4: 0}",1
216,False,"{'a': 0.9479695613221308, 'e': 0.1140780353265762}",30,23,14.954148147465766,"{0: 7, 1: 0, 2: 0, 3: 0, 4: 0}",1
217,False,"{'a': 0.9474909535722011, 'e': 0.11293725497331045}",25,15,21.091350772043654,"{0: 10, 1: 0, 2: 0, 3: 0, 4: 0}",1
218,False,"{'a': 0.9470102139680256, 'e': 0.11180788242357734}",20,14,2.613932636324499,"{0: 5, 1: 1, 2: 0, 3: 0, 4: 0}",1
219,False,"{'a': 0.9465273435912682, 'e': 0.11068980359934157}",30,14,32.288189389927304,"{0: 16, 1: 0, 2: 0, 3: 0, 4: 0}",1
220,False,"{'a': 0.946042343528387, 'e': 0.10958290556334815}",20,0,33.28382630881669,"{0: 20, 1: 0, 2: 0, 3: 0, 4: 0}",0
221,False,"{'a': 0.945555214870632, 'e': 0.10848707650771466}",25,10,31.32281728453014,"{0: 15, 1: 0, 2: 0, 3: 0, 4: 0}",1
222,False,"{'a': 0.9450659587140423, 'e': 0.10740220574263752}",35,21,27.137274194722888,"{0: 14, 1: 0, 2: 0, 3: 0, 4: 0}",1
223,False,"{'a': 0.9445745761594444, 'e': 0.10632818368521114}",25,17,16.226146678423607,"{0: 8, 1: 0, 2: 0, 3: 0, 4: 0}",1
224,False,"{'a': 0.9440810683124485, 'e': 0.10526490184835903}",25,15,19.613956191862172,"{0: 10, 1: 0, 2: 0, 3: 0, 4: 0}",1
225,False,"{'a': 0.9435854362834473, 'e': 0.10421225282987544}",25,15,23.583388407112682,"{0: 10, 1: 0, 2: 0, 3: 0, 4: 0}",1
226,False,"{'a': 0.9430876811876123, 'e': 0.10317013030157669}",25,3,-3.8929863178648083,"{0: 21, 1: 0, 2: 0, 3: 0, 4: 1}",1
227,False,"{'a': 0.9425878041448927, 'e': 0.10213842899856092}",20,11,18.07949270562306,"{0: 9, 1: 0, 2: 0, 3: 0, 4: 0}",1
228,False,"{'a': 0.9420858062800114, 'e': 0.10111704470857531}",20,0,33.02136722830275,"{0: 20, 1: 0, 2: 0, 3: 0, 4: 0}",0
229,False,"{'a': 0.9415816887224634, 'e': 0.10010587426148955}",20,0,-3.7252641406091915,"{0: 18, 1: 0, 2: 1, 3: 1, 4: 0}",0
230,False,"{'a': 0.941075452606513, 'e': 0.09910481551887466}",30,13,25.59894820371819,"{0: 17, 1: 0, 2: 0, 3: 0, 4: 0}",1
231,False,"{'a': 0.9405670990711913, 'e': 0.0981137673636859}",25,0,34.33318564769384,"{0: 25, 1: 0, 2: 0, 3: 0, 4: 0}",0
232,False,"{'a': 0.9400566292602934, 'e': 0.09713262969004904}",25,8,-14.899308072947772,"{0: 16, 1: 0, 2: 0, 3: 0, 4: 1}",1
233,False,"{'a': 0.9395440443223763, 'e': 0.09616130339314856}",20,8,22.049032720864794,"{0: 12, 1: 0, 2: 0, 3: 0, 4: 0}",1
234,False,"{'a': 0.9390293454107558, 'e': 0.09519969035921708}",30,11,33.033935359324175,"{0: 19, 1: 0, 2: 0, 3: 0, 4: 0}",1
235,False,"{'a': 0.9385125336835043, 'e': 0.0942476934556249}",20,7,21.23087335336788,"{0: 13, 1: 0, 2: 0, 3: 0, 4: 0}",1
236,False,"{'a': 0.937993610303448, 'e': 0.09330521652106866}",25,5,21.96965817440652,"{0: 19, 1: 0, 2: 1, 3: 0, 4: 0}",1
237,False,"{'a': 0.9374725764381642, 'e': 0.09237216435585796}",25,1,42.53184882303435,"{0: 24, 1: 0, 2: 0, 3: 0, 4: 0}",1
238,False,"{'a': 0.9369494332599789, 'e': 0.09144844271229938}",20,8,21.419686478319495,"{0: 12, 1: 0, 2: 0, 3: 0, 4: 0}",1
239,False,"{'a': 0.936424181945964, 'e': 0.0905339582851764}",30,10,36.35229091918535,"{0: 20, 1: 0, 2: 0, 3: 0, 4: 0}",1
240,False,"{'a': 0.9358968236779348, 'e': 0.08962861870232462}",20,7,19.287525128180576,"{0: 13, 1: 0, 2: 0, 3: 0, 4: 0}",1
241,False,"{'a': 0.9353673596424472, 'e': 0.08873233251530138}",25,14,11.706798821433235,"{0: 10, 1: 0, 2: 1, 3: 0, 4: 0}",1
242,False,"{'a': 0.9348357910307951, 'e': 0.08784500919014836}",20,12,8.923725923514176,"{0: 7, 1: 1, 2: 0, 3: 0, 4: 0}",1
243,False,"{'a': 0.9343021190390074, 'e': 0.08696655909824688}",20,2,25.689576272791832,"{0: 18, 1: 0, 2: 0, 3: 0, 4: 0}",1
244,False,"{'a': 0.933766344867846, 'e': 0.0860968935072644}",25,14,16.409666565110005,"{0: 10, 1: 1, 2: 0, 3: 0, 4: 0}",1
245,False,"{'a': 0.9332284697228027, 'e': 0.08523592457219176}",25,11,24.455433758529924,"{0: 14, 1: 0, 2: 0, 3: 0, 4: 0}",1
246,False,"{'a': 0.9326884948140962, 'e': 0.08438356532646984}",25,19,11.341368863049556,"{0: 6, 1: 0, 2: 0, 3: 0, 4: 0}",1
247,False,"{'a': 0.9321464213566698, 'e': 0.08353972967320515}",20,11,11.35612141059852,"{0: 9, 1: 0, 2: 0, 3: 0, 4: 0}",1
248,False,"{'a': 0.9316022505701886, 'e': 0.0827043323764731}",20,1,35.12644113115734,"{0: 19, 1: 0, 2: 0, 3: 0, 4: 0}",1
249,False,"{'a': 0.9310559836790367, 'e': 0.08187728905270836}",20,15,9.180119107392102,"{0: 5, 1: 0, 2: 0, 3: 0, 4: 0}",1
250,False,"{'a': 0.9305076219123143, 'e': 0.08105851616218128}",25,15,16.27825456218319,"{0: 10, 1: 0, 2: 0, 3: 0, 4: 0}",1
251,False,"{'a': 0.9299571665038351, 'e': 0.08024793100055946}",25,5,36.9062829960902,"{0: 20, 1: 0, 2: 0, 3: 0, 4: 0}",1
252,False,"{'a': 0.9294046186921237, 'e': 0.07944545169055386}",30,13,20.03921471200172,"{0: 16, 1: 0, 2: 1, 3: 0, 4: 0}",1
253,False,"{'a': 0.9288499797204122, 'e': 0.07865099717364833}",25,17,17.073073954900615,"{0: 8, 1: 0, 2: 0, 3: 0, 4: 0}",1
254,False,"{'a': 0.9282932508366383, 'e': 0.07786448720191184}",25,11,0.1853710878876369,"{0: 13, 1: 0, 2: 0, 3: 1, 4: 0}",1
255,False,"{'a': 0.9277344332934415, 'e': 0.07708584232989273}",30,12,32.58106450318958,"{0: 18, 1: 0, 2: 0, 3: 0, 4: 0}",1
256,False,"{'a': 0.9271735283481612, 'e': 0.0763149839065938}",20,0,29.69135772766552,"{0: 20, 1: 0, 2: 0, 3: 0, 4: 0}",0
257,False,"{'a': 0.9266105372628334, 'e': 0.07555183406752786}",25,15,18.96372302224053,"{0: 10, 1: 0, 2: 0, 3: 0, 4: 0}",1
258,False,"{'a': 0.9260454613041876, 'e': 0.07479631572685258}",30,0,45.18417958033384,"{0: 30, 1: 0, 2: 0, 3: 0, 4: 0}",1
259,False,"{'a': 0.9254783017436445, 'e': 0.07404835256958406}",20,15,8.203177711154314,"{0: 5, 1: 0, 2: 0, 3: 0, 4: 0}",1
260,False,"{'a': 0.9249090598573131, 'e': 0.07330786904388821}",25,17,17.54154293790286,"{0: 8, 1: 0, 2: 0, 3: 0, 4: 0}",1
261,False,"{'a': 0.924337736925987, 'e': 0.07257479035344933}",25,15,21.138070150195105,"{0: 10, 1: 0, 2: 0, 3: 0, 4: 0}",1
262,False,"{'a': 0.9237643342351428, 'e': 0.07184904244991483}",25,19,11.952097871351036,"{0: 6, 1: 0, 2: 0, 3: 0, 4: 0}",1
263,False,"{'a': 0.9231888530749364, 'e': 0.07113055202541568}",30,19,-23.5493536655438,"{0: 10, 1: 0, 2: 0, 3: 0, 4: 1}",1
264,False,"{'a': 0.9226112947402, 'e': 0.07041924650516153}",30,23,14.32203641498248,"{0: 7, 1: 0, 2: 0, 3: 0, 4: 0}",1
265,False,"{'a': 0.9220316605304396, 'e': 0.06971505404010991}",25,13,29.548974677721752,"{0: 12, 1: 0, 2: 0, 3: 0, 4: 0}",1
266,False,"{'a': 0.921449951749832, 'e': 0.06901790349970881}",30,12,33.48088931364144,"{0: 18, 1: 0, 2: 0, 3: 0, 4: 0}",1
267,False,"{'a': 0.9208661697072218, 'e': 0.06832772446471172}",30,20,22.296488373343454,"{0: 10, 1: 0, 2: 0, 3: 0, 4: 0}",1
268,False,"{'a': 0.9202803157161181, 'e': 0.0676444472200646}",30,16,21.185695924830764,"{0: 14, 1: 0, 2: 0, 3: 0, 4: 0}",1
269,False,"{'a': 0.9196923910946925, 'e': 0.06696800274786396}",30,17,24.33919550587483,"{0: 13, 1: 0, 2: 0, 3: 0, 4: 0}",1
270,False,"{'a': 0.9191023971657747, 'e': 0.06629832272038531}",30,8,44.55584338026258,"{0: 22, 1: 0, 2: 0, 3: 0, 4: 0}",1
271,False,"{'a': 0.9185103352568511, 'e': 0.06563533949318147}",20,3,26.47992817242012,"{0: 17, 1: 0, 2: 0, 3: 0, 4: 0}",1
272,False,"{'a': 0.9179162067000607, 'e': 0.06497898609824965}",25,11,27.39005505489091,"{0: 14, 1: 0, 2: 0, 3: 0, 4: 0}",1
273,False,"{'a': 0.9173200128321924, 'e': 0.06432919623726716}",30,13,32.57782971231113,"{0: 17, 1: 0, 2: 0, 3: 0, 4: 0}",1
274,False,"{'a': 0.9167217549946823, 'e': 0.06368590427489448}",20,12,16.162862206561368,"{0: 8, 1: 0, 2: 0, 3: 0, 4: 0}",1
275,False,"{'a': 0.9161214345336103, 'e': 0.06304904523214554}",20,10,16.76222554348093,"{0: 10, 1: 0, 2: 0, 3: 0, 4: 0}",1
276,False,"{'a': 0.9155190527996969, 'e': 0.06241855477982408}",25,11,28.701751861266313,"{0: 14, 1: 0, 2: 0, 3: 0, 4: 0}",1
277,False,"{'a': 0.914914611148301, 'e': 0.06179436923202584}",25,14,17.65376143054579,"{0: 11, 1: 0, 2: 0, 3: 0, 4: 0}",1
278,False,"{'a': 0.914308110939416, 'e': 0.06117642553970558}",20,3,29.491744025766508,"{0: 17, 1: 0, 2: 0, 3: 0, 4: 0}",1
279,False,"{'a': 0.9136995535376672, 'e': 0.06056466128430853}",30,17,23.443034982322718,"{0: 13, 1: 0, 2: 0, 3: 0, 4: 0}",1
280,False,"{'a': 0.9130889403123083, 'e': 0.05995901467146544}",20,10,17.594516892534184,"{0: 10, 1: 0, 2: 0, 3: 0, 4: 0}",1
281,False,"{'a': 0.9124762726372189, 'e': 0.059359424524750785}",25,15,19.757440300415492,"{0: 10, 1: 0, 2: 0, 3: 0, 4: 0}",1
282,False,"{'a': 0.911861551890901, 'e': 0.05876583027950327}",20,14,10.706276350266979,"{0: 6, 1: 0, 2: 0, 3: 0, 4: 0}",1
283,False,"{'a': 0.9112447794564761, 'e': 0.05817817197670824}",20,14,13.762888682066302,"{0: 6, 1: 0, 2: 0, 3: 0, 4: 0}",1
284,False,"{'a': 0.9106259567216819, 'e': 0.05759639025694116}",25,13,20.605800859106353,"{0: 12, 1: 0, 2: 0, 3: 0, 4: 0}",1
285,False,"{'a': 0.9100050850788691, 'e': 0.057020426354371746}",30,10,32.485125965604006,"{0: 20, 1: 0, 2: 0, 3: 0, 4: 0}",1
286,False,"{'a': 0.9093821659249989, 'e': 0.05645022209082803}",30,10,39.17526328272254,"{0: 20, 1: 0, 2: 0, 3: 0, 4: 0}",1
287,False,"{'a': 0.908757200661639, 'e': 0.05588571986991975}",20,0,30.545042144776314,"{0: 20, 1: 0, 2: 0, 3: 0, 4: 0}",0
288,False,"{'a': 0.9081301906949609, 'e': 0.05532686267122055}",25,15,19.676080784735372,"{0: 10, 1: 0, 2: 0, 3: 0, 4: 0}",1
289,False,"{'a': 0.907501137435737, 'e': 0.05477359404450834}",20,12,13.162381021083332,"{0: 8, 1: 0, 2: 0, 3: 0, 4: 0}",1
290,False,"{'a': 0.9068700422993367, 'e': 0.05422585810406326}",20,10,16.29893502977709,"{0: 10, 1: 0, 2: 0, 3: 0, 4: 0}",1
291,False,"{'a': 0.9062369067057237, 'e': 0.05368359952302263}",25,14,10.646893214259084,"{0: 10, 1: 0, 2: 1, 3: 0, 4: 0}",1
292,False,"{'a': 0.9056017320794529, 'e': 0.0531467635277924}",20,5,14.838169866540273,"{0: 14, 1: 1, 2: 0, 3: 0, 4: 0}",1
293,False,"{'a': 0.9049645198496671, 'e': 0.05261529589251448}",30,13,19.733802015559235,"{0: 16, 1: 0, 2: 1, 3: 0, 4: 0}",1
294,False,"{'a': 0.9043252714500934, 'e': 0.05208914293358933}",20,13,13.426944722610116,"{0: 7, 1: 0, 2: 0, 3: 0, 4: 0}",1
295,False,"{'a': 0.9036839883190404, 'e': 0.05156825150425344}",25,13,20.14833356085286,"{0: 12, 1: 0, 2: 0, 3: 0, 4: 0}",1
296,False,"{'a': 0.903040671899395, 'e': 0.0510525689892109}",25,17,17.531738314921498,"{0: 8, 1: 0, 2: 0, 3: 0, 4: 0}",1
297,False,"{'a': 0.9023953236386187, 'e': 0.050542043299318794}",25,16,11.001574204204225,"{0: 8, 1: 1, 2: 0, 3: 0, 4: 0}",1
298,False,"{'a': 0.901747944988745, 'e': 0.050036622866325604}",35,12,39.33145583219125,"{0: 23, 1: 0, 2: 0, 3: 0, 4: 0}",1
299,False,"{'a': 0.9010985374063755, 'e': 0.04953625663766235}",20,0,31.921042147740184,"{0: 20, 1: 0, 2: 0, 3: 0, 4: 0}",1
300,False,"{'a': 0.9004471023526769, 'e': 0.04904089407128572}",25,11,24.667030322456878,"{0: 14, 1: 0, 2: 0, 3: 0, 4: 0}",1
301,False,"{'a': 0.8997936412933779, 'e': 0.04855048513057287}",25,16,9.84272779571273,"{0: 8, 1: 1, 2: 0, 3: 0, 4: 0}",1
302,False,"{'a': 0.8991381556987657, 'e': 0.04806498027926714}",20,11,18.222947456033104,"{0: 9, 1: 0, 2: 0, 3: 0, 4: 0}",1
303,False,"{'a': 0.8984806470436824, 'e': 0.047584330476474465}",25,13,19.25553629730263,"{0: 12, 1: 0, 2: 0, 3: 0, 4: 0}",1
304,False,"{'a': 0.8978211168075223, 'e': 0.04710848717170972}",20,4,30.490475564437077,"{0: 16, 1: 0, 2: 0, 3: 0, 4: 0}",1
305,False,"{'a': 0.8971595664742282, 'e': 0.04663740229999262}",25,0,40.66128376955118,"{0: 25, 1: 0, 2: 0, 3: 0, 4: 0}",1
306,False,"{'a': 0.8964959975322879, 'e': 0.046171028276992696}",25,15,20.293425033304867,"{0: 10, 1: 0, 2: 0, 3: 0, 4: 0}",1
307,False,"{'a': 0.8958304114747315, 'e': 0.045709317994222766}",25,1,43.749726750436466,"{0: 24, 1: 0, 2: 0, 3: 0, 4: 0}",1
308,False,"{'a': 0.8951628097991272, 'e': 0.04525222481428054}",20,13,16.32948175791001,"{0: 7, 1: 0, 2: 0, 3: 0, 4: 0}",1
309,False,"{'a': 0.8944931940075784, 'e': 0.04479970256613774}",25,17,15.462789111438386,"{0: 8, 1: 0, 2: 0, 3: 0, 4: 0}",1
310,False,"{'a': 0.8938215656067205, 'e': 0.044351705540476356}",20,5,15.409342367827232,"{0: 14, 1: 0, 2: 1, 3: 0, 4: 0}",1
311,False,"{'a': 0.8931479261077172, 'e': 0.043908188485071595}",20,14,12.940218702716912,"{0: 6, 1: 0, 2: 0, 3: 0, 4: 0}",1
312,False,"{'a': 0.8924722770262568, 'e': 0.04346910660022087}",25,16,17.8826813492331,"{0: 9, 1: 0, 2: 0, 3: 0, 4: 0}",1
313,False,"{'a': 0.8917946198825496, 'e': 0.04303441553421867}",20,0,29.848008654605472,"{0: 20, 1: 0, 2: 0, 3: 0, 4: 0}",0
314,False,"{'a': 0.891114956201324, 'e': 0.04260407137887648}",35,17,32.686240205713624,"{0: 18, 1: 0, 2: 0, 3: 0, 4: 0}",1
315,False,"{'a': 0.8904332875118227, 'e': 0.04217803066508771}",20,9,20.38251989324894,"{0: 11, 1: 0, 2: 0, 3: 0, 4: 0}",1
316,False,"{'a': 0.8897496153478003, 'e': 0.04175625035843684}",20,6,22.08979254823008,"{0: 14, 1: 0, 2: 0, 3: 0, 4: 0}",1
317,False,"{'a': 0.8890639412475188, 'e': 0.04133868785485247}",25,8,33.14742890288366,"{0: 17, 1: 0, 2: 0, 3: 0, 4: 0}",1
318,False,"{'a': 0.8883762667537444, 'e': 0.040925300976303945}",20,3,27.884534342534934,"{0: 17, 1: 0, 2: 0, 3: 0, 4: 0}",1
319,False,"{'a': 0.8876865934137447, 'e': 0.0405160479665409}",20,12,14.536544473596003,"{0: 8, 1: 0, 2: 0, 3: 0, 4: 0}",1
320,False,"{'a': 0.8869949227792842, 'e': 0.040110887486875496}",25,14,16.52262393770361,"{0: 11, 1: 0, 2: 0, 3: 0, 4: 0}",1
321,False,"{'a': 0.8863012564066217, 'e': 0.03970977861200674}",25,5,38.809457480990226,"{0: 20, 1: 0, 2: 0, 3: 0, 4: 0}",1
322,False,"{'a': 0.8856055958565062, 'e': 0.039312680825886674}",20,7,25.25617343196782,"{0: 13, 1: 0, 2: 0, 3: 0, 4: 0}",1
323,False,"{'a': 0.8849079426941736, 'e': 0.038919554017627804}",35,18,33.58819724687633,"{0: 17, 1: 0, 2: 0, 3: 0, 4: 0}",1
324,False,"{'a': 0.8842082984893433, 'e': 0.03853035847745152}",20,14,10.589853216011377,"{0: 6, 1: 0, 2: 0, 3: 0, 4: 0}",1
325,False,"{'a': 0.8835066648162144, 'e': 0.03814505489267701}",20,10,17.553852053283155,"{0: 10, 1: 0, 2: 0, 3: 0, 4: 0}",1
326,False,"{'a': 0.8828030432534625, 'e': 0.03776360434375024}",35,22,18.830540966221548,"{0: 13, 1: 0, 2: 0, 3: 0, 4: 0}",1
327,False,"{'a': 0.8820974353842356, 'e': 0.03738596830031274}",20,14,13.197319512521059,"{0: 6, 1: 0, 2: 0, 3: 0, 4: 0}",1
328,False,"{'a': 0.8813898427961513, 'e': 0.03701210861730961}",25,3,34.58793206496086,"{0: 22, 1: 0, 2: 0, 3: 0, 4: 0}",1
329,False,"{'a': 0.8806802670812924, 'e': 0.03664198753113651}",25,13,20.703204176625967,"{0: 12, 1: 0, 2: 0, 3: 0, 4: 0}",1
330,False,"{'a': 0.8799687098362042, 'e': 0.036275567655825146}",30,16,27.219612816492685,"{0: 14, 1: 0, 2: 0, 3: 0, 4: 0}",1
331,False,"{'a': 0.8792551726618901, 'e': 0.0359128119792669}",20,6,22.53935416818902,"{0: 14, 1: 0, 2: 0, 3: 0, 4: 0}",1
332,False,"{'a': 0.8785396571638084, 'e': 0.035553683859474224}",25,18,10.97239729249921,"{0: 7, 1: 0, 2: 0, 3: 0, 4: 0}",1
333,False,"{'a': 0.8778221649518688, 'e': 0.035198147020879485}",20,12,13.657727748419452,"{0: 8, 1: 0, 2: 0, 3: 0, 4: 0}",1
334,False,"{'a': 0.8771026976404284, 'e': 0.03484616555067069}",20,0,31.055151047340644,"{0: 20, 1: 0, 2: 0, 3: 0, 4: 0}",0
335,False,"{'a': 0.8763812568482883, 'e': 0.03449770389516398}",20,8,11.336027312498226,"{0: 11, 1: 0, 2: 1, 3: 0, 4: 0}",1
336,False,"{'a': 0.87565784419869, 'e': 0.03415272685621234}",20,12,14.412408103192462,"{0: 8, 1: 0, 2: 0, 3: 0, 4: 0}",1
337,False,"{'a': 0.8749324613193116, 'e': 0.03381119958765022}",20,11,16.93038077236401,"{0: 9, 1: 0, 2: 0, 3: 0, 4: 0}",1
338,False,"{'a': 0.8742051098422645, 'e': 0.03347308759177372}",30,13,30.53711551581165,"{0: 17, 1: 0, 2: 0, 3: 0, 4: 0}",1
339,False,"{'a': 0.8734757914040889, 'e': 0.03313835671585598}",20,13,13.036223515286576,"{0: 7, 1: 0, 2: 0, 3: 0, 4: 0}",1
340,False,"{'a': 0.8727445076457513, 'e': 0.03280697314869742}",25,4,33.50098436412146,"{0: 21, 1: 0, 2: 0, 3: 0, 4: 0}",1
341,False,"{'a': 0.8720112602126395, 'e': 0.03247890341721044}",25,8,19.23423412368588,"{0: 16, 1: 1, 2: 0, 3: 0, 4: 0}",1
342,False,"{'a': 0.8712760507545603, 'e': 0.03215411438303834}",20,12,2.681622365952462,"{0: 7, 1: 0, 2: 1, 3: 0, 4: 0}",1
343,False,"{'a': 0.8705388809257344, 'e': 0.031832573239207955}",20,10,2.9132226981588367,"{0: 9, 1: 0, 2: 1, 3: 0, 4: 0}",1
344,False,"{'a': 0.8697997523847936, 'e': 0.031514247506815876}",20,14,13.564372569159385,"{0: 6, 1: 0, 2: 0, 3: 0, 4: 0}",1
345,False,"{'a': 0.869058666794777, 'e': 0.031199105031747717}",25,8,29.67853118436804,"{0: 17, 1: 0, 2: 0, 3: 0, 4: 0}",1
346,False,"{'a': 0.8683156258231266, 'e': 0.03088711398143024}",25,14,19.493443104293245,"{0: 11, 1: 0, 2: 0, 3: 0, 4: 0}",1
347,False,"{'a': 0.8675706311416845, 'e': 0.030578242841615935}",25,16,15.682649894923813,"{0: 9, 1: 0, 2: 0, 3: 0, 4: 0}",1
348,False,"{'a': 0.8668236844266883, 'e': 0.030272460413199778}",25,16,15.658481224402292,"{0: 9, 1: 0, 2: 0, 3: 0, 4: 0}",1
349,False,"{'a': 0.866074787358768, 'e': 0.02996973580906778}",20,14,13.373202799979662,"{0: 6, 1: 0, 2: 0, 3: 0, 4: 0}",1
350,False,"{'a': 0.8653239416229412, 'e': 0.029670038450977102}",30,21,15.466816892042948,"{0: 9, 1: 0, 2: 0, 3: 0, 4: 0}",1
351,False,"{'a': 0.8645711489086111, 'e': 0.02937333806646733}",20,8,19.329954854167667,"{0: 12, 1: 0, 2: 0, 3: 0, 4: 0}",1
352,False,"{'a': 0.8638164109095605, 'e': 0.029079604685802656}",25,13,19.105448638016117,"{0: 12, 1: 0, 2: 0, 3: 0, 4: 0}",1
353,False,"{'a': 0.8630597293239499, 'e': 0.02878880863894463}",20,7,22.084165583923387,"{0: 13, 1: 0, 2: 0, 3: 0, 4: 0}",1
354,False,"{'a': 0.8623011058543124, 'e': 0.02850092055255518}",20,9,18.927884430151277,"{0: 11, 1: 0, 2: 0, 3: 0, 4: 0}",1
355,False,"{'a': 0.8615405422075505, 'e': 0.02821591134702963}",30,22,15.684956883851665,"{0: 8, 1: 0, 2: 0, 3: 0, 4: 0}",1
356,False,"{'a': 0.8607780400949321, 'e': 0.027933752233559334}",20,14,9.393085468753618,"{0: 6, 1: 0, 2: 0, 3: 0, 4: 0}",1
357,False,"{'a': 0.8600136012320866, 'e': 0.027654414711223742}",25,11,24.33167217439782,"{0: 14, 1: 0, 2: 0, 3: 0, 4: 0}",1
358,False,"{'a': 0.8592472273390012, 'e': 0.027377870564111503}",30,14,21.815021439400482,"{0: 15, 1: 0, 2: 1, 3: 0, 4: 0}",1
359,False,"{'a': 0.8584789201400167, 'e': 0.02710409185847039}",20,14,11.138255277150591,"{0: 6, 1: 0, 2: 0, 3: 0, 4: 0}",1
360,False,"{'a': 0.8577086813638242, 'e': 0.026833050939885684}",25,15,21.87945800110253,"{0: 10, 1: 0, 2: 0, 3: 0, 4: 0}",1
361,False,"{'a': 0.8569365127434604, 'e': 0.026564720430486827}",25,8,30.526535430391153,"{0: 17, 1: 0, 2: 0, 3: 0, 4: 0}",1
362,False,"{'a': 0.8561624160163044, 'e': 0.026299073226181958}",20,2,28.286341996621225,"{0: 18, 1: 0, 2: 0, 3: 0, 4: 0}",1
363,False,"{'a': 0.8553863929240736, 'e': 0.026036082493920136}",25,15,18.680402671144936,"{0: 10, 1: 0, 2: 0, 3: 0, 4: 0}",1
364,False,"{'a': 0.8546084452128195, 'e': 0.025775721668980935}",20,16,6.61134683438099,"{0: 4, 1: 0, 2: 0, 3: 0, 4: 0}",1
365,False,"{'a': 0.8538285746329243, 'e': 0.025517964452291125}",20,5,27.58134831874669,"{0: 15, 1: 0, 2: 0, 3: 0, 4: 0}",1
366,False,"{'a': 0.8530467829390963, 'e': 0.025262784807768213}",25,0,19.603291083917675,"{0: 24, 1: 0, 2: 1, 3: 0, 4: 0}",0
367,False,"{'a': 0.8522630718903667, 'e': 0.025010156959690534}",25,9,21.645877293677284,"{0: 15, 1: 1, 2: 0, 3: 0, 4: 0}",1
368,False,"{'a': 0.8514774432500848, 'e': 0.024760055390093627}",20,10,21.901220790381718,"{0: 10, 1: 0, 2: 0, 3: 0, 4: 0}",1
369,False,"{'a': 0.8506898987859148, 'e': 0.02451245483619269}",25,12,26.81791389370005,"{0: 13, 1: 0, 2: 0, 3: 0, 4: 0}",1
370,False,"{'a': 0.8499004402698315, 'e': 0.024267330287830763}",20,14,12.634230236857011,"{0: 6, 1: 0, 2: 0, 3: 0, 4: 0}",1
371,False,"{'a': 0.8491090694781162, 'e': 0.024024656984952455}",30,17,23.30745146272197,"{0: 13, 1: 0, 2: 0, 3: 0, 4: 0}",1
372,False,"{'a': 0.8483157881913526, 'e': 0.02378441041510293}",25,13,18.976902876934993,"{0: 12, 1: 0, 2: 0, 3: 0, 4: 0}",1
373,False,"{'a': 0.8475205981944235, 'e': 0.0235465663109519}",25,15,17.711921826999802,"{0: 10, 1: 0, 2: 0, 3: 0, 4: 0}",1
374,False,"{'a': 0.8467235012765061, 'e': 0.02331110064784238}",25,0,45.35945640834394,"{0: 25, 1: 0, 2: 0, 3: 0, 4: 0}",0
375,False,"{'a': 0.8459244992310679, 'e': 0.02307798964136396}",30,11,34.329679487495085,"{0: 19, 1: 0, 2: 0, 3: 0, 4: 0}",1
376,False,"{'a': 0.8451235938558634, 'e': 0.022847209744950317}",20,6,23.686146545838533,"{0: 14, 1: 0, 2: 0, 3: 0, 4: 0}",1
377,False,"{'a': 0.8443207869529293, 'e': 0.022618737647500813}",25,8,26.79653251544054,"{0: 17, 1: 0, 2: 0, 3: 0, 4: 0}",1
378,False,"{'a': 0.8435160803285807, 'e': 0.022392550271025807}",25,16,19.0555235549585,"{0: 9, 1: 0, 2: 0, 3: 0, 4: 0}",1
379,False,"{'a': 0.8427094757934073, 'e': 0.022168624768315548}",30,0,50.49695040295393,"{0: 30, 1: 0, 2: 0, 3: 0, 4: 0}",1
380,False,"{'a': 0.8419009751622687, 'e': 0.021946938520632394}",20,11,15.35503913211059,"{0: 9, 1: 0, 2: 0, 3: 0, 4: 0}",1
381,False,"{'a': 0.8410905802542913, 'e': 0.02172746913542607}",20,13,15.185708702743213,"{0: 7, 1: 0, 2: 0, 3: 0, 4: 0}",1
382,False,"{'a': 0.8402782928928632, 'e': 0.021510194444071807}",20,9,17.185777014769624,"{0: 11, 1: 0, 2: 0, 3: 0, 4: 0}",1
383,False,"{'a': 0.8394641149056304, 'e': 0.021295092499631088}",30,20,18.351109223022704,"{0: 10, 1: 0, 2: 0, 3: 0, 4: 0}",1
384,False,"{'a': 0.8386480481244933, 'e': 0.02108214157463478}",30,20,17.958721738145073,"{0: 10, 1: 0, 2: 0, 3: 0, 4: 0}",1
385,False,"{'a': 0.8378300943856019, 'e': 0.02087132015888843}",20,9,18.873804508641044,"{0: 11, 1: 0, 2: 0, 3: 0, 4: 0}",1
386,False,"{'a': 0.8370102555293514, 'e': 0.020662606957299545}",25,7,-10.088859686861868,"{0: 17, 1: 0, 2: 0, 3: 0, 4: 1}",1
387,False,"{'a': 0.8361885334003791, 'e': 0.02045598088772655}",20,7,20.262975727363212,"{0: 13, 1: 0, 2: 0, 3: 0, 4: 0}",1
388,False,"{'a': 0.8353649298475595, 'e': 0.020251421078849283}",30,14,33.42156248277379,"{0: 16, 1: 0, 2: 0, 3: 0, 4: 0}",1
389,False,"{'a': 0.834539446724, 'e': 0.02004890686806079}",20,8,21.96344129262433,"{0: 12, 1: 0, 2: 0, 3: 0, 4: 0}",1
390,False,"{'a': 0.8337120858870376, 'e': 0.019848417799380184}",35,20,28.639298159546772,"{0: 15, 1: 0, 2: 0, 3: 0, 4: 0}",1
391,False,"{'a': 0.8328828491982335, 'e': 0.01964993362138638}",20,12,12.915725219309785,"{0: 8, 1: 0, 2: 0, 3: 0, 4: 0}",1
392,False,"{'a': 0.8320517385233703, 'e': 0.019453434285172516}",30,13,32.22612833546956,"{0: 17, 1: 0, 2: 0, 3: 0, 4: 0}",1
393,False,"{'a': 0.8312187557324463, 'e': 0.01925889994232079}",25,8,33.08394582261229,"{0: 17, 1: 0, 2: 0, 3: 0, 4: 0}",1
394,False,"{'a': 0.8303839026996727, 'e': 0.019066310942897582}",20,6,-1.0927771195650067,"{0: 13, 1: 0, 2: 0, 3: 1, 4: 0}",1
395,False,"{'a': 0.8295471813034682, 'e': 0.01887564783346861}",25,11,23.444494842258134,"{0: 14, 1: 0, 2: 0, 3: 0, 4: 0}",1
396,False,"{'a': 0.8287085934264558, 'e': 0.018686891355133923}",20,7,24.82320918759283,"{0: 13, 1: 0, 2: 0, 3: 0, 4: 0}",1
397,False,"{'a': 0.8278681409554577, 'e': 0.01850002244158258}",30,22,15.44271678231414,"{0: 8, 1: 0, 2: 0, 3: 0, 4: 0}",1
398,False,"{'a': 0.8270258257814919, 'e': 0.018315022217166757}",25,13,21.82422889284115,"{0: 12, 1: 0, 2: 0, 3: 0, 4: 0}",1
399,False,"{'a': 0.8261816497997668, 'e': 0.018131871994995087}",20,13,15.683759742283193,"{0: 7, 1: 0, 2: 0, 3: 0, 4: 0}",1
400,False,"{'a': 0.8253356149096783, 'e': 0.017950553275045137}",20,6,-13.867627271391584,"{0: 13, 1: 0, 2: 0, 3: 0, 4: 1}",1
401,False,"{'a': 0.8244877230148044, 'e': 0.017771047742294686}",20,10,17.30754391927665,"{0: 10, 1: 0, 2: 0, 3: 0, 4: 0}",1
402,False,"{'a': 0.8236379760229016, 'e': 0.01759333726487174}",20,7,25.93245631512262,"{0: 13, 1: 0, 2: 0, 3: 0, 4: 0}",1
403,False,"{'a': 0.8227863758459002, 'e': 0.017417403892223023}",20,10,20.03896103023007,"{0: 10, 1: 0, 2: 0, 3: 0, 4: 0}",1
404,False,"{'a': 0.8219329243999003, 'e': 0.01724322985330079}",25,18,14.522210047337259,"{0: 7, 1: 0, 2: 0, 3: 0, 4: 0}",1
405,False,"{'a': 0.8210776236051671, 'e': 0.017070797554767782}",20,6,24.21772737989184,"{0: 14, 1: 0, 2: 0, 3: 0, 4: 0}",1
406,False,"{'a': 0.8202204753861273, 'e': 0.016900089579220106}",30,16,24.44592923661893,"{0: 14, 1: 0, 2: 0, 3: 0, 4: 0}",1
407,False,"{'a': 0.8193614816713639, 'e': 0.016731088683427903}",25,15,22.66197218961054,"{0: 10, 1: 0, 2: 0, 3: 0, 4: 0}",1
408,False,"{'a': 0.8185006443936125, 'e': 0.016563777796593626}",30,20,19.019002284439424,"{0: 10, 1: 0, 2: 0, 3: 0, 4: 0}",1
409,False,"{'a': 0.8176379654897563, 'e': 0.016398140018627688}",20,8,-14.558095463828364,"{0: 11, 1: 0, 2: 0, 3: 0, 4: 1}",1
410,False,"{'a': 0.8167734469008229, 'e': 0.01623415861844141}",25,17,13.313622691065628,"{0: 8, 1: 0, 2: 0, 3: 0, 4: 0}",1
411,False,"{'a': 0.8159070905719784, 'e': 0.016071817032256998}",25,10,29.220161262299722,"{0: 15, 1: 0, 2: 0, 3: 0, 4: 0}",1
412,False,"{'a': 0.8150388984525244, 'e': 0.015911098861934425}",20,7,20.36312082047095,"{0: 13, 1: 0, 2: 0, 3: 0, 4: 0}",1
413,False,"{'a': 0.8141688724958926, 'e': 0.015751987873315082}",25,15,20.594241413204426,"{0: 10, 1: 0, 2: 0, 3: 0, 4: 0}",1
414,False,"{'a': 0.8132970146596414, 'e': 0.015594467994581931}",20,6,26.501446932338347,"{0: 14, 1: 0, 2: 0, 3: 0, 4: 0}",1
415,False,"{'a': 0.8124233269054502, 'e': 0.015438523314636111}",30,21,17.610800077467914,"{0: 9, 1: 0, 2: 0, 3: 0, 4: 0}",1
416,False,"{'a': 0.8115478111991162, 'e': 0.01528413808148975}",25,15,18.18239403520764,"{0: 10, 1: 0, 2: 0, 3: 0, 4: 0}",1
417,False,"{'a': 0.8106704695105493, 'e': 0.015131296700674854}",20,9,18.04945415396675,"{0: 11, 1: 0, 2: 0, 3: 0, 4: 0}",1
418,False,"{'a': 0.8097913038137682, 'e': 0.014979983733668104}",30,16,24.485489769002978,"{0: 14, 1: 0, 2: 0, 3: 0, 4: 0}",1
419,False,"{'a': 0.8089103160868949, 'e': 0.014830183896331423}",20,12,18.862813145836938,"{0: 8, 1: 0, 2: 0, 3: 0, 4: 0}",1
420,False,"{'a': 0.8080275083121519, 'e': 0.014681882057368109}",35,16,38.02526895252867,"{0: 19, 1: 0, 2: 0, 3: 0, 4: 0}",1
421,False,"{'a': 0.8071428824758559, 'e': 0.014535063236794427}",30,12,22.048352159959123,"{0: 17, 1: 0, 2: 1, 3: 0, 4: 0}",1
422,False,"{'a': 0.806256440568415, 'e': 0.014389712604426484}",25,6,36.120858088579304,"{0: 19, 1: 0, 2: 0, 3: 0, 4: 0}",1
423,False,"{'a': 0.8053681845843228, 'e': 0.014245815478382218}",35,22,26.58377587042607,"{0: 13, 1: 0, 2: 0, 3: 0, 4: 0}",1
424,False,"{'a': 0.8044781165221552, 'e': 0.014103357323598397}",30,16,23.240306667230698,"{0: 14, 1: 0, 2: 0, 3: 0, 4: 0}",1
425,False,"{'a': 0.8035862383845647, 'e': 0.013962323750362412}",30,21,15.66414029721238,"{0: 9, 1: 0, 2: 0, 3: 0, 4: 0}",1
426,False,"{'a': 0.802692552178277, 'e': 0.013822700512858787}",30,24,13.429347936216102,"{0: 6, 1: 0, 2: 0, 3: 0, 4: 0}",1
427,False,"{'a': 0.8017970599140853, 'e': 0.013684473507730199}",20,10,19.602774105406017,"{0: 10, 1: 0, 2: 0, 3: 0, 4: 0}",1
428,False,"{'a': 0.8008997636068472, 'e': 0.013547628772652897}",20,13,12.085535742799065,"{0: 7, 1: 0, 2: 0, 3: 0, 4: 0}",1
429,False,"{'a': 0.8000006652754789, 'e': 0.013412152484926368}",25,11,27.168369705951612,"{0: 14, 1: 0, 2: 0, 3: 0, 4: 0}",1
430,False,"{'a': 0.7990997669429512, 'e': 0.013278030960077104}",20,12,16.91269112863317,"{0: 8, 1: 0, 2: 0, 3: 0, 4: 0}",1
431,False,"{'a': 0.798197070636285, 'e': 0.013145250650476333}",25,20,11.190594483693719,"{0: 5, 1: 0, 2: 0, 3: 0, 4: 0}",1
432,False,"{'a': 0.7972925783865464, 'e': 0.01301379814397157}",20,13,11.410612289506146,"{0: 7, 1: 0, 2: 0, 3: 0, 4: 0}",1
433,False,"{'a': 0.796386292228843, 'e': 0.012883660162531854}",20,8,22.187353542080032,"{0: 12, 1: 0, 2: 0, 3: 0, 4: 0}",1
434,False,"{'a': 0.795478214202318, 'e': 0.012754823560906535}",20,11,15.971632934980933,"{0: 9, 1: 0, 2: 0, 3: 0, 4: 0}",1
435,False,"{'a': 0.7945683463501467, 'e': 0.01262727532529747}",20,13,10.449912578887933,"{0: 7, 1: 0, 2: 0, 3: 0, 4: 0}",1
436,False,"{'a': 0.7936566907195313, 'e': 0.012501002572044496}",30,11,36.17308045507686,"{0: 19, 1: 0, 2: 0, 3: 0, 4: 0}",1
437,False,"{'a': 0.7927432493616966, 'e': 0.01237599254632405}",25,15,20.857605791020724,"{0: 10, 1: 0, 2: 0, 3: 0, 4: 0}",1
438,False,"{'a': 0.7918280243318853, 'e': 0.012252232620860809}",25,0,27.6879835968274,"{0: 24, 1: 0, 2: 1, 3: 0, 4: 0}",0
439,False,"{'a': 0.7909110176893532, 'e': 0.012129710294652202}",20,10,22.381818751077358,"{0: 10, 1: 0, 2: 0, 3: 0, 4: 0}",1
440,False,"{'a': 0.7899922314973651, 'e': 0.01200841319170568}",20,7,21.029456545957256,"{0: 13, 1: 0, 2: 0, 3: 0, 4: 0}",1
441,False,"{'a': 0.7890716678231894, 'e': 0.011888329059788622}",25,7,31.08416864875241,"{0: 18, 1: 0, 2: 0, 3: 0, 4: 0}",1
442,False,"{'a': 0.7881493287380938, 'e': 0.011769445769190735}",20,0,30.167823895560268,"{0: 20, 1: 0, 2: 0, 3: 0, 4: 0}",0
443,False,"{'a': 0.7872252163173412, 'e': 0.011651751311498829}",25,7,31.39151819571801,"{0: 18, 1: 0, 2: 0, 3: 0, 4: 0}",1
444,False,"{'a': 0.786299332640184, 'e': 0.01153523379838384}",25,9,28.851068645627898,"{0: 16, 1: 0, 2: 0, 3: 0, 4: 0}",1
445,False,"{'a': 0.7853716797898601, 'e': 0.011419881460400001}",25,11,24.53411686359207,"{0: 14, 1: 0, 2: 0, 3: 0, 4: 0}",1
446,False,"{'a': 0.7844422598535878, 'e': 0.011305682645796001}",20,12,13.584841917162345,"{0: 8, 1: 0, 2: 0, 3: 0, 4: 0}",1
447,False,"{'a': 0.783511074922562, 'e': 0.011192625819338041}",20,11,15.559339106678822,"{0: 9, 1: 0, 2: 0, 3: 0, 4: 0}",1
448,False,"{'a': 0.7825781270919481, 'e': 0.011080699561144661}",20,1,28.433712995342734,"{0: 19, 1: 0, 2: 0, 3: 0, 4: 0}",1
449,False,"{'a': 0.7816434184608784, 'e': 0.010969892565533214}",20,5,26.598281575203128,"{0: 15, 1: 0, 2: 0, 3: 0, 4: 0}",1
450,False,"{'a': 0.7807069511324468, 'e': 0.010860193639877882}",25,17,13.406715084180234,"{0: 8, 1: 0, 2: 0, 3: 0, 4: 0}",1
451,False,"{'a': 0.7797687272137047, 'e': 0.010751591703479103}",20,7,25.275805103835282,"{0: 13, 1: 0, 2: 0, 3: 0, 4: 0}",1
452,False,"{'a': 0.7788287488156552, 'e': 0.010644075786444312}",25,6,35.58712544442099,"{0: 19, 1: 0, 2: 0, 3: 0, 4: 0}",1
453,False,"{'a': 0.7778870180532496, 'e': 0.01053763502857987}",25,19,13.973605314078071,"{0: 6, 1: 0, 2: 0, 3: 0, 4: 0}",1
454,False,"{'a': 0.7769435370453813, 'e': 0.01043225867829407}",20,9,19.82065446424383,"{0: 11, 1: 0, 2: 0, 3: 0, 4: 0}",1
455,False,"{'a': 0.7759983079148826, 'e': 0.01032793609151113}",20,3,26.716058619195053,"{0: 17, 1: 0, 2: 0, 3: 0, 4: 0}",1
456,False,"{'a': 0.7750513327885183, 'e': 0.010224656730596018}",20,16,5.389951243529597,"{0: 4, 1: 0, 2: 0, 3: 0, 4: 0}",1
457,False,"{'a': 0.7741026137969824, 'e': 0.010122410163290057}",25,12,24.426984461861892,"{0: 13, 1: 0, 2: 0, 3: 0, 4: 0}",1
458,False,"{'a': 0.7731521530748919, 'e': 0.010021186061657156}",30,16,30.19426072772651,"{0: 14, 1: 0, 2: 0, 3: 0, 4: 0}",1
459,False,"{'a': 0.7721999527607832, 'e': 0.009920974201040586}",20,11,16.28479544636314,"{0: 9, 1: 0, 2: 0, 3: 0, 4: 0}",1
460,False,"{'a': 0.7712460149971065, 'e': 0.009821764459030179}",25,10,27.49982457298877,"{0: 15, 1: 0, 2: 0, 3: 0, 4: 0}",1
461,False,"{'a': 0.7702903419302216, 'e': 0.009723546814439878}",20,2,29.09821802586283,"{0: 18, 1: 0, 2: 0, 3: 0, 4: 0}",1
462,False,"{'a': 0.7693329357103922, 'e': 0.009626311346295479}",20,0,34.787476764946,"{0: 20, 1: 0, 2: 0, 3: 0, 4: 0}",0
463,False,"{'a': 0.768373798491782, 'e': 0.009530048232832523}",30,16,27.319238807980803,"{0: 14, 1: 0, 2: 0, 3: 0, 4: 0}",1
464,False,"{'a': 0.7674129324324493, 'e': 0.009434747750504199}",20,12,20.41736936297634,"{0: 8, 1: 0, 2: 0, 3: 0, 4: 0}",1
465,False,"{'a': 0.7664503396943425, 'e': 0.009340400272999157}",25,16,15.934919682874659,"{0: 9, 1: 0, 2: 0, 3: 0, 4: 0}",1
466,False,"{'a': 0.7654860224432947, 'e': 0.009246996270269165}",20,8,22.563089050711998,"{0: 12, 1: 0, 2: 0, 3: 0, 4: 0}",1
467,False,"{'a': 0.7645199828490193, 'e': 0.009154526307566474}",30,11,35.19840888469638,"{0: 19, 1: 0, 2: 0, 3: 0, 4: 0}",1
468,False,"{'a': 0.7635522230851051, 'e': 0.009062981044490808}",20,0,28.862520061432708,"{0: 20, 1: 0, 2: 0, 3: 0, 4: 0}",0
469,False,"{'a': 0.762582745329011, 'e': 0.0089723512340459}",30,13,31.384741298717334,"{0: 17, 1: 0, 2: 0, 3: 0, 4: 0}",1
470,False,"{'a': 0.7616115517620617, 'e': 0.00888262772170544}",20,10,17.014095782233824,"{0: 10, 1: 0, 2: 0, 3: 0, 4: 0}",1
471,False,"{'a': 0.7606386445694422, 'e': 0.008793801444488386}",25,12,25.023389573134157,"{0: 13, 1: 0, 2: 0, 3: 0, 4: 0}",1
472,False,"{'a': 0.7596640259401933, 'e': 0.008705863430043502}",20,10,17.088863267529966,"{0: 10, 1: 0, 2: 0, 3: 0, 4: 0}",1
473,False,"{'a': 0.7586876980672065, 'e': 0.008618804795743068}",30,19,25.516083472895986,"{0: 11, 1: 0, 2: 0, 3: 0, 4: 0}",1
474,False,"{'a': 0.7577096631472192, 'e': 0.008532616747785637}",25,9,25.64469484207311,"{0: 16, 1: 0, 2: 0, 3: 0, 4: 0}",1
475,False,"{'a': 0.7567299233808094, 'e': 0.00844729058030778}",20,12,14.655529827194336,"{0: 8, 1: 0, 2: 0, 3: 0, 4: 0}",1
476,False,"{'a': 0.7557484809723913, 'e': 0.008362817674504702}",25,15,20.071703040719953,"{0: 10, 1: 0, 2: 0, 3: 0, 4: 0}",1
477,False,"{'a': 0.7547653381302097, 'e': 0.008279189497759656}",20,14,11.667370177670241,"{0: 6, 1: 0, 2: 0, 3: 0, 4: 0}",1
478,False,"{'a': 0.753780497066336, 'e': 0.008196397602782058}",20,6,23.09306938246269,"{0: 14, 1: 0, 2: 0, 3: 0, 4: 0}",1
479,False,"{'a': 0.7527939599966617, 'e': 0.008114433626754238}",20,16,6.605559507927207,"{0: 4, 1: 0, 2: 0, 3: 0, 4: 0}",1
480,False,"{'a': 0.751805729140895, 'e': 0.008033289290486696}",20,6,28.57142246965916,"{0: 14, 1: 0, 2: 0, 3: 0, 4: 0}",1
481,False,"{'a': 0.7508158067225549, 'e': 0.00795295639758183}",20,16,6.278275187472303,"{0: 4, 1: 0, 2: 0, 3: 0, 4: 0}",1
482,False,"{'a': 0.7498241949689665, 'e': 0.00787342683360601}",20,6,25.897840933831738,"{0: 14, 1: 0, 2: 0, 3: 0, 4: 0}",1
483,False,"{'a': 0.7488308961112556, 'e': 0.0077946925652699495}",20,14,13.52062358807294,"{0: 6, 1: 0, 2: 0, 3: 0, 4: 0}",1
484,False,"{'a': 0.7478359123843445, 'e': 0.00771674563961725}",25,14,16.885215716950846,"{0: 11, 1: 0, 2: 0, 3: 0, 4: 0}",1
485,False,"{'a': 0.746839246026946, 'e': 0.007639578183221077}",20,16,8.380253043212434,"{0: 4, 1: 0, 2: 0, 3: 0, 4: 0}",1
486,False,"{'a': 0.745840899281559, 'e': 0.0075631824013888665}",25,16,10.707850292455909,"{0: 8, 1: 1, 2: 0, 3: 0, 4: 0}",1
487,False,"{'a': 0.7448408743944632, 'e': 0.0074875505773749785}",30,13,31.420469628965762,"{0: 17, 1: 0, 2: 0, 3: 0, 4: 0}",1
488,False,"{'a': 0.7438391736157144, 'e': 0.007412675071601228}",25,5,33.292200081203276,"{0: 20, 1: 0, 2: 0, 3: 0, 4: 0}",1
489,False,"{'a': 0.7428357991991387, 'e': 0.007338548320885216}",25,14,20.501184635598943,"{0: 11, 1: 0, 2: 0, 3: 0, 4: 0}",1
490,False,"{'a': 0.7418307534023282, 'e': 0.0072651628376763635}",30,15,30.17699473078955,"{0: 15, 1: 0, 2: 0, 3: 0, 4: 0}",1
491,False,"{'a': 0.7408240384866355, 'e': 0.0071925112092996}",20,11,13.140075747209794,"{0: 9, 1: 0, 2: 0, 3: 0, 4: 0}",1
492,False,"{'a': 0.7398156567171686, 'e': 0.007120586097206604}",20,11,19.403299243211983,"{0: 9, 1: 0, 2: 0, 3: 0, 4: 0}",1
493,False,"{'a': 0.7388056103627864, 'e': 0.007049380236234538}",25,3,37.87691482396167,"{0: 22, 1: 0, 2: 0, 3: 0, 4: 0}",1
494,False,"{'a': 0.7377939016960925, 'e': 0.006978886433872193}",25,12,25.18028890468604,"{0: 13, 1: 0, 2: 0, 3: 0, 4: 0}",1
495,False,"{'a': 0.7367805329934309, 'e': 0.00690909756953347}",30,16,28.947368365419937,"{0: 14, 1: 0, 2: 0, 3: 0, 4: 0}",1
496,False,"{'a': 0.7357655065348812, 'e': 0.006840006593838136}",20,7,24.344716434252998,"{0: 13, 1: 0, 2: 0, 3: 0, 4: 0}",1
497,False,"{'a': 0.734748824604252, 'e': 0.006771606527899755}",20,12,12.733167926961057,"{0: 8, 1: 0, 2: 0, 3: 0, 4: 0}",1
498,False,"{'a': 0.7337304894890774, 'e': 0.0067038904626207565}",20,15,10.087658032867768,"{0: 5, 1: 0, 2: 0, 3: 0, 4: 0}",1
499,False,"{'a': 0.732710503480611, 'e': 0.006636851557994549}",25,15,15.445470556741963,"{0: 10, 1: 0, 2: 0, 3: 0, 4: 0}",1
500,False,"{'a': 0.7316888688738209, 'e': 0.006570483042414603}",25,16,18.034218987264016,"{0: 9, 1: 0, 2: 0, 3: 0, 4: 0}",1
501,False,"{'a': 0.7306655879673845, 'e': 0.006504778211990457}",20,14,11.76049849434322,"{0: 6, 1: 0, 2: 0, 3: 0, 4: 0}",1
502,False,"{'a': 0.7296406630636835, 'e': 0.006439730429870553}",20,5,26.359461765984904,"{0: 15, 1: 0, 2: 0, 3: 0, 4: 0}",1
503,False,"{'a': 0.7286140964687983, 'e': 0.006375333125571847}",20,10,18.49280177308184,"{0: 10, 1: 0, 2: 0, 3: 0, 4: 0}",1
504,False,"{'a': 0.7275858904925034, 'e': 0.006311579794316129}",20,16,10.310966220247476,"{0: 4, 1: 0, 2: 0, 3: 0, 4: 0}",1
505,False,"{'a': 0.726556047448262, 'e': 0.006248463996372967}",30,10,37.715250114719545,"{0: 20, 1: 0, 2: 0, 3: 0, 4: 0}",1
506,False,"{'a': 0.7255245696532203, 'e': 0.0061859793564092375}",20,5,21.55934575917036,"{0: 15, 1: 0, 2: 0, 3: 0, 4: 0}",1
507,False,"{'a': 0.7244914594282029, 'e': 0.006124119562845145}",20,13,14.96716158568982,"{0: 7, 1: 0, 2: 0, 3: 0, 4: 0}",1
508,False,"{'a': 0.7234567190977076, 'e': 0.0060628783672166935}",20,8,18.509364653643715,"{0: 12, 1: 0, 2: 0, 3: 0, 4: 0}",1
509,False,"{'a': 0.7224203509898993, 'e': 0.006002249583544526}",20,7,26.17695628381223,"{0: 13, 1: 0, 2: 0, 3: 0, 4: 0}",1
510,False,"{'a': 0.7213823574366063, 'e': 0.005942227087709081}",20,14,12.952948392980366,"{0: 6, 1: 0, 2: 0, 3: 0, 4: 0}",1
511,False,"{'a': 0.7203427407733132, 'e': 0.00588280481683199}",20,12,18.888905237545128,"{0: 8, 1: 0, 2: 0, 3: 0, 4: 0}",1
512,False,"{'a': 0.7193015033391573, 'e': 0.005823976768663671}",20,12,14.673597135051317,"{0: 8, 1: 0, 2: 0, 3: 0, 4: 0}",1
513,False,"{'a': 0.7182586474769225, 'e': 0.0057657370009770335}",20,13,13.890581615108417,"{0: 7, 1: 0, 2: 0, 3: 0, 4: 0}",1
514,False,"{'a': 0.7172141755330337, 'e': 0.005708079630967263}",20,13,15.158243783146895,"{0: 7, 1: 0, 2: 0, 3: 0, 4: 0}",1
515,False,"{'a': 0.7161680898575525, 'e': 0.00565099883465759}",25,13,24.340469621617576,"{0: 12, 1: 0, 2: 0, 3: 0, 4: 0}",1
516,False,"{'a': 0.7151203928041714, 'e': 0.005594488846311015}",25,15,21.278291118068598,"{0: 10, 1: 0, 2: 0, 3: 0, 4: 0}",1
517,False,"{'a': 0.7140710867302081, 'e': 0.005538543957847904}",30,16,29.94175325801351,"{0: 14, 1: 0, 2: 0, 3: 0, 4: 0}",1
518,False,"{'a': 0.7130201739966009, 'e': 0.005483158518269426}",20,0,23.704520107084512,"{0: 20, 1: 0, 2: 0, 3: 0, 4: 0}",0
519,False,"{'a': 0.7119676569679031, 'e': 0.005428326933086731}",20,8,22.637379963657242,"{0: 12, 1: 0, 2: 0, 3: 0, 4: 0}",1
520,False,"{'a': 0.7109135380122773, 'e': 0.005374043663755864}",25,7,26.10692614562985,"{0: 18, 1: 0, 2: 0, 3: 0, 4: 0}",1
521,False,"{'a': 0.7098578195014911, 'e': 0.005320303227118305}",20,2,31.938466578551022,"{0: 18, 1: 0, 2: 0, 3: 0, 4: 0}",1
522,False,"{'a': 0.7088005038109103, 'e': 0.005267100194847122}",35,1,19.326210577092226,"{0: 33, 1: 0, 2: 0, 3: 0, 4: 1}",1
523,False,"{'a': 0.7077415933194952, 'e': 0.005214429192898651}",20,0,31.276310828030898,"{0: 20, 1: 0, 2: 0, 3: 0, 4: 0}",0
524,False,"{'a': 0.7066810904097934, 'e': 0.005162284900969664}",30,16,27.758516086212598,"{0: 14, 1: 0, 2: 0, 3: 0, 4: 0}",1
525,False,"{'a': 0.7056189974679365, 'e': 0.005110662051959968}",35,18,32.28794371715772,"{0: 17, 1: 0, 2: 0, 3: 0, 4: 0}",1
526,False,"{'a': 0.7045553168836329, 'e': 0.005059555431440368}",25,3,41.75479546535911,"{0: 22, 1: 0, 2: 0, 3: 0, 4: 0}",1
527,False,"{'a': 0.7034900510501637, 'e': 0.005008959877125964}",35,9,44.94396189785418,"{0: 26, 1: 0, 2: 0, 3: 0, 4: 0}",1
528,False,"{'a': 0.7024232023643763, 'e': 0.0049588702783547045}",25,7,28.9699259671951,"{0: 18, 1: 0, 2: 0, 3: 0, 4: 0}",1
529,False,"{'a': 0.7013547732266799, 'e': 0.004909281575571157}",25,16,15.912228658790387,"{0: 9, 1: 0, 2: 0, 3: 0, 4: 0}",1
530,False,"{'a': 0.7002847660410397, 'e': 0.0048601887598154455}",30,20,18.584859355831366,"{0: 10, 1: 0, 2: 0, 3: 0, 4: 0}",1
531,False,"{'a': 0.6992131832149713, 'e': 0.004811586872217291}",25,15,19.55046204555734,"{0: 10, 1: 0, 2: 0, 3: 0, 4: 0}",1
532,False,"{'a': 0.6981400271595356, 'e': 0.004763471003495118}",20,11,17.39998395053526,"{0: 9, 1: 0, 2: 0, 3: 0, 4: 0}",1
533,False,"{'a': 0.6970653002893334, 'e': 0.004715836293460167}",25,15,17.174049530325927,"{0: 10, 1: 0, 2: 0, 3: 0, 4: 0}",1
534,False,"{'a': 0.6959890050224996, 'e': 0.004668677930525565}",30,15,28.823728225864343,"{0: 15, 1: 0, 2: 0, 3: 0, 4: 0}",1
535,False,"{'a': 0.6949111437806981, 'e': 0.0046219911512203095}",25,20,10.828466662165283,"{0: 5, 1: 0, 2: 0, 3: 0, 4: 0}",1
536,False,"{'a': 0.6938317189891162, 'e': 0.004575771239708106}",20,12,16.04902169548278,"{0: 8, 1: 0, 2: 0, 3: 0, 4: 0}",1
537,False,"{'a': 0.6927507330764594, 'e': 0.004530013527311025}",20,10,18.055017765878933,"{0: 10, 1: 0, 2: 0, 3: 0, 4: 0}",1
538,False,"{'a': 0.6916681884749454, 'e': 0.004484713392037915}",30,15,26.14181779672203,"{0: 15, 1: 0, 2: 0, 3: 0, 4: 0}",1
539,False,"{'a': 0.6905840876202991, 'e': 0.004439866258117536}",25,16,16.16911942153241,"{0: 9, 1: 0, 2: 0, 3: 0, 4: 0}",1
540,False,"{'a': 0.689498432951747, 'e': 0.004395467595536361}",20,0,38.29626929624909,"{0: 20, 1: 0, 2: 0, 3: 0, 4: 0}",0
541,False,"{'a': 0.6884112269120116, 'e': 0.0043515129195809965}",20,6,24.481169381470064,"{0: 14, 1: 0, 2: 0, 3: 0, 4: 0}",1
542,False,"{'a': 0.6873224719473061, 'e': 0.004307997790385187}",30,8,41.62031122758671,"{0: 22, 1: 0, 2: 0, 3: 0, 4: 0}",1
543,False,"{'a': 0.6862321705073288, 'e': 0.004264917812481335}",25,11,26.884567761712688,"{0: 14, 1: 0, 2: 0, 3: 0, 4: 0}",1
544,False,"{'a': 0.6851403250452572, 'e': 0.004222268634356522}",20,13,13.393106896611195,"{0: 7, 1: 0, 2: 0, 3: 0, 4: 0}",1
545,False,"{'a': 0.6840469380177434, 'e': 0.004180045948012957}",25,13,23.110189621797524,"{0: 12, 1: 0, 2: 0, 3: 0, 4: 0}",1
546,False,"{'a': 0.6829520118849075, 'e': 0.004138245488532827}",20,4,27.51233334787889,"{0: 16, 1: 0, 2: 0, 3: 0, 4: 0}",1
547,False,"{'a': 0.6818555491103332, 'e': 0.004096863033647498}",30,18,21.77525067309893,"{0: 12, 1: 0, 2: 0, 3: 0, 4: 0}",1
548,False,"{'a': 0.6807575521610608, 'e': 0.0040558944033110235}",35,18,33.7063249469294,"{0: 17, 1: 0, 2: 0, 3: 0, 4: 0}",1
549,False,"{'a': 0.6796580235075834, 'e': 0.004015335459277913}",20,13,15.413529085895654,"{0: 7, 1: 0, 2: 0, 3: 0, 4: 0}",1
550,False,"{'a': 0.6785569656238398, 'e': 0.003975182104685134}",30,10,31.919148305656474,"{0: 20, 1: 0, 2: 0, 3: 0, 4: 0}",1
551,False,"{'a': 0.6774543809872099, 'e': 0.003935430283638282}",25,15,20.46444451879804,"{0: 10, 1: 0, 2: 0, 3: 0, 4: 0}",1
552,False,"{'a': 0.6763502720785085, 'e': 0.0038960759808018995}",25,19,11.345598713530636,"{0: 6, 1: 0, 2: 0, 3: 0, 4: 0}",1
553,False,"{'a': 0.6752446413819803, 'e': 0.0038571152209938807}",25,17,16.20142298633393,"{0: 8, 1: 0, 2: 0, 3: 0, 4: 0}",1
554,False,"{'a': 0.6741374913852938, 'e': 0.0038185440687839418}",20,13,14.059216964670055,"{0: 7, 1: 0, 2: 0, 3: 0, 4: 0}",1
555,False,"{'a': 0.6730288245795361, 'e': 0.003780358628096102}",30,16,29.132334280943986,"{0: 14, 1: 0, 2: 0, 3: 0, 4: 0}",1
556,False,"{'a': 0.671918643459207, 'e': 0.0037425550418151415}",20,9,22.09596931848335,"{0: 11, 1: 0, 2: 0, 3: 0, 4: 0}",1
557,False,"{'a': 0.6708069505222136, 'e': 0.0037051294913969897}",20,8,21.401194323811445,"{0: 12, 1: 0, 2: 0, 3: 0, 4: 0}",1
558,False,"{'a': 0.6696937482698646, 'e': 0.00366807819648302}",20,10,16.4422771675629,"{0: 10, 1: 0, 2: 0, 3: 0, 4: 0}",1
559,False,"{'a': 0.6685790392068645, 'e': 0.0036313974145181895}",20,12,12.339953322624453,"{0: 8, 1: 0, 2: 0, 3: 0, 4: 0}",1
560,False,"{'a': 0.6674628258413081, 'e': 0.003595083440373008}",25,13,22.770090576742074,"{0: 12, 1: 0, 2: 0, 3: 0, 4: 0}",1
561,False,"{'a': 0.6663451106846753, 'e': 0.003559132605969278}",30,17,22.57915223481073,"{0: 13, 1: 0, 2: 0, 3: 0, 4: 0}",1
562,False,"{'a': 0.6652258962518245, 'e': 0.003523541279909585}",30,19,24.02223104119315,"{0: 11, 1: 0, 2: 0, 3: 0, 4: 0}",1
563,False,"{'a': 0.6641051850609877, 'e': 0.003488305867110489}",20,5,25.626498736021748,"{0: 15, 1: 0, 2: 0, 3: 0, 4: 0}",1
564,False,"{'a': 0.6629829796337648, 'e': 0.003453422808439384}",25,15,18.801080775345355,"{0: 10, 1: 0, 2: 0, 3: 0, 4: 0}",1
565,False,"{'a': 0.6618592824951174, 'e': 0.0034188885803549903}",20,15,7.672272923867837,"{0: 5, 1: 0, 2: 0, 3: 0, 4: 0}",1
566,False,"{'a': 0.6607340961733636, 'e': 0.0033846996945514404}",30,16,25.197249825298492,"{0: 14, 1: 0, 2: 0, 3: 0, 4: 0}",1
567,False,"{'a': 0.6596074232001722, 'e': 0.003350852697605926}",20,12,14.08743059759134,"{0: 8, 1: 0, 2: 0, 3: 0, 4: 0}",1
568,False,"{'a': 0.6584792661105568, 'e': 0.0033173441706298664}",25,11,27.57562571008155,"{0: 14, 1: 0, 2: 0, 3: 0, 4: 0}",1
569,False,"{'a': 0.6573496274428705, 'e': 0.0032841707289235677}",20,15,10.63462499138833,"{0: 5, 1: 0, 2: 0, 3: 0, 4: 0}",1
570,False,"{'a': 0.6562185097387997, 'e': 0.003251329021634332}",30,12,36.08542919111492,"{0: 18, 1: 0, 2: 0, 3: 0, 4: 0}",1
571,False,"{'a': 0.6550859155433589, 'e': 0.0032188157314179885}",20,8,21.945423110402086,"{0: 12, 1: 0, 2: 0, 3: 0, 4: 0}",1
572,False,"{'a': 0.6539518474048845, 'e': 0.003186627574103809}",20,12,15.732458994037927,"{0: 8, 1: 0, 2: 0, 3: 0, 4: 0}",1
573,False,"{'a': 0.6528163078750292, 'e': 0.0031547612983627705}",30,18,26.80626380582156,"{0: 12, 1: 0, 2: 0, 3: 0, 4: 0}",1
574,False,"{'a': 0.6516792995087568, 'e': 0.003123213685379143}",20,13,10.812989230564504,"{0: 7, 1: 0, 2: 0, 3: 0, 4: 0}",1
575,False,"{'a': 0.6505408248643353, 'e': 0.0030919815485253516}",25,6,39.289377275985224,"{0: 19, 1: 0, 2: 0, 3: 0, 4: 0}",1
576,False,"{'a': 0.6494008865033323, 'e': 0.003061061733040098}",20,12,14.692591443676775,"{0: 8, 1: 0, 2: 0, 3: 0, 4: 0}",1
577,False,"{'a': 0.6482594869906086, 'e': 0.003030451115709697}",20,10,20.913945932960697,"{0: 10, 1: 0, 2: 0, 3: 0, 4: 0}",1
578,False,"{'a': 0.6471166288943128, 'e': 0.0030001466045526}",25,13,21.446095165214373,"{0: 12, 1: 0, 2: 0, 3: 0, 4: 0}",1
579,False,"{'a': 0.6459723147858748, 'e': 0.002970145138507074}",25,7,38.09215370921868,"{0: 18, 1: 0, 2: 0, 3: 0, 4: 0}",1
580,False,"{'a': 0.6448265472400012, 'e': 0.002940443687122003}",25,15,18.61564077413332,"{0: 10, 1: 0, 2: 0, 3: 0, 4: 0}",1
581,False,"{'a': 0.6436793288346683, 'e': 0.002911039250250783}",20,6,26.54602355897731,"{0: 14, 1: 0, 2: 0, 3: 0, 4: 0}",1
582,False,"{'a': 0.6425306621511171, 'e': 0.0028819288577482754}",20,0,34.38423760823514,"{0: 20, 1: 0, 2: 0, 3: 0, 4: 0}",1
583,False,"{'a': 0.6413805497738471, 'e': 0.0028531095691707925}",25,17,10.92975454063789,"{0: 8, 1: 0, 2: 0, 3: 0, 4: 0}",1
584,False,"{'a': 0.6402289942906106, 'e': 0.0028245784734790844}",25,14,20.52540669627448,"{0: 11, 1: 0, 2: 0, 3: 0, 4: 0}",1
585,False,"{'a': 0.6390759982924071, 'e': 0.0027963326887442937}",25,7,31.420340851653563,"{0: 18, 1: 0, 2: 0, 3: 0, 4: 0}",1
586,False,"{'a': 0.6379215643734771, 'e': 0.0027683693618568506}",25,10,25.975498413409593,"{0: 15, 1: 0, 2: 0, 3: 0, 4: 0}",1
587,False,"{'a': 0.6367656951312963, 'e': 0.002740685668238282}",20,14,12.6543411468725,"{0: 6, 1: 0, 2: 0, 3: 0, 4: 0}",1
588,False,"{'a': 0.6356083931665703, 'e': 0.0027132788115558993}",30,22,17.004478028610205,"{0: 8, 1: 0, 2: 0, 3: 0, 4: 0}",1
589,False,"{'a': 0.6344496610832276, 'e': 0.0026861460234403403}",35,21,24.19313987521243,"{0: 14, 1: 0, 2: 0, 3: 0, 4: 0}",1
590,False,"{'a': 0.6332895014884152, 'e': 0.002659284563205937}",20,5,27.73660922354594,"{0: 15, 1: 0, 2: 0, 3: 0, 4: 0}",1
591,False,"{'a': 0.6321279169924916, 'e': 0.0026326917175738774}",25,2,33.49289321621688,"{0: 23, 1: 0, 2: 0, 3: 0, 4: 0}",1
592,False,"{'a': 0.6309649102090216, 'e': 0.0026063648003981387}",30,17,26.269808413885528,"{0: 13, 1: 0, 2: 0, 3: 0, 4: 0}",1
593,False,"{'a': 0.6298004837547696, 'e': 0.0025803011523941573}",30,3,48.583409424789295,"{0: 27, 1: 0, 2: 0, 3: 0, 4: 0}",1
594,False,"{'a': 0.628634640249695, 'e': 0.0025544981408702158}",20,8,19.65461748034896,"{0: 12, 1: 0, 2: 0, 3: 0, 4: 0}",1
595,False,"{'a': 0.6274673823169449, 'e': 0.0025289531594615135}",20,7,23.751201850104348,"{0: 13, 1: 0, 2: 0, 3: 0, 4: 0}",1
596,False,"{'a': 0.6262987125828494, 'e': 0.0025036636278668984}",20,11,16.115576353496127,"{0: 9, 1: 0, 2: 0, 3: 0, 4: 0}",1
597,False,"{'a': 0.6251286336769147, 'e': 0.0024786269915882293}",20,11,15.277400666345795,"{0: 9, 1: 0, 2: 0, 3: 0, 4: 0}",1
598,False,"{'a': 0.6239571482318181, 'e': 0.002453840721672347}",20,15,8.782949873562247,"{0: 5, 1: 0, 2: 0, 3: 0, 4: 0}",1
599,False,"{'a': 0.6227842588834012, 'e': 0.0024293023144556234}",20,10,20.64650801517103,"{0: 10, 1: 0, 2: 0, 3: 0, 4: 0}",1
600,False,"{'a': 0.6216099682706644, 'e': 0.0024050092913110673}",20,16,8.598999451782802,"{0: 4, 1: 0, 2: 0, 3: 0, 4: 0}",1
601,False,"{'a': 0.6204342790357614, 'e': 0.0023809591983979567}",25,15,17.840174980560732,"{0: 10, 1: 0, 2: 0, 3: 0, 4: 0}",1
602,False,"{'a': 0.6192571938239922, 'e': 0.002357149606413977}",25,16,15.372293006289041,"{0: 9, 1: 0, 2: 0, 3: 0, 4: 0}",1
603,False,"{'a': 0.6180787152837982, 'e': 0.002333578110349837}",20,16,8.236083497358129,"{0: 4, 1: 0, 2: 0, 3: 0, 4: 0}",1
604,False,"{'a': 0.6168988460667556, 'e': 0.0023102423292463386}",35,13,42.162355940934084,"{0: 22, 1: 0, 2: 0, 3: 0, 4: 0}",1
605,False,"{'a': 0.6157175888275696, 'e': 0.0022871399059538754}",25,12,23.84212473362102,"{0: 13, 1: 0, 2: 0, 3: 0, 4: 0}",1
606,False,"{'a': 0.6145349462240683, 'e': 0.0022642685068943367}",20,11,18.04642050002969,"{0: 9, 1: 0, 2: 0, 3: 0, 4: 0}",1
607,False,"{'a': 0.6133509209171975, 'e': 0.002241625821825393}",25,8,25.85577042063359,"{0: 17, 1: 0, 2: 0, 3: 0, 4: 0}",1
608,False,"{'a': 0.6121655155710133, 'e': 0.0022192095636071395}",35,13,41.09186217525462,"{0: 22, 1: 0, 2: 0, 3: 0, 4: 0}",1
609,False,"{'a': 0.6109787328526773, 'e': 0.002197017467971068}",20,0,30.384676442864528,"{0: 20, 1: 0, 2: 0, 3: 0, 4: 0}",0
610,False,"{'a': 0.6097905754324501, 'e': 0.002175047293291357}",20,12,18.844265739082996,"{0: 8, 1: 0, 2: 0, 3: 0, 4: 0}",1
611,False,"{'a': 0.6086010459836856, 'e': 0.002153296820358444}",25,16,15.775842643960758,"{0: 9, 1: 0, 2: 0, 3: 0, 4: 0}",1
612,False,"{'a': 0.6074101471828242, 'e': 0.0021317638521548593}",25,14,22.518498146285157,"{0: 11, 1: 0, 2: 0, 3: 0, 4: 0}",1
613,False,"{'a': 0.606217881709388, 'e': 0.0021104462136333105}",20,14,9.940534886795922,"{0: 6, 1: 0, 2: 0, 3: 0, 4: 0}",1
614,False,"{'a': 0.6050242522459737, 'e': 0.0020893417514969773}",20,6,26.948225376954984,"{0: 14, 1: 0, 2: 0, 3: 0, 4: 0}",1
615,False,"{'a': 0.603829261478247, 'e': 0.0020684483339820075}",30,18,22.85596334572899,"{0: 12, 1: 0, 2: 0, 3: 0, 4: 0}",1
616,False,"{'a': 0.6026329120949367, 'e': 0.0020477638506421875}",30,18,24.148237429540618,"{0: 12, 1: 0, 2: 0, 3: 0, 4: 0}",1
617,False,"{'a': 0.6014352067878286, 'e': 0.0020272862121357657}",25,14,22.351459205276253,"{0: 11, 1: 0, 2: 0, 3: 0, 4: 0}",1
618,False,"{'a': 0.6002361482517589, 'e': 0.002007013350014408}",30,8,34.2834119718362,"{0: 22, 1: 0, 2: 0, 3: 0, 4: 0}",1
619,False,"{'a': 0.5990357391846087, 'e': 0.0019869432165142637}",20,16,4.330437025857927,"{0: 4, 1: 0, 2: 0, 3: 0, 4: 0}",1
620,False,"{'a': 0.5978339822872982, 'e': 0.001967073784349121}",20,13,12.281327147774977,"{0: 7, 1: 0, 2: 0, 3: 0, 4: 0}",1
621,False,"{'a': 0.5966308802637798, 'e': 0.00194740304650563}",25,15,16.277447239347183,"{0: 10, 1: 0, 2: 0, 3: 0, 4: 0}",1
622,False,"{'a': 0.5954264358210324, 'e': 0.0019279290160405737}",20,7,22.469431739827993,"{0: 13, 1: 0, 2: 0, 3: 0, 4: 0}",1
623,False,"{'a': 0.5942206516690557, 'e': 0.001908649725880168}",20,11,16.762121557553378,"{0: 9, 1: 0, 2: 0, 3: 0, 4: 0}",1
624,False,"{'a': 0.5930135305208633, 'e': 0.0018895632286213661}",20,13,13.231540828207681,"{0: 7, 1: 0, 2: 0, 3: 0, 4: 0}",1
625,False,"{'a': 0.5918050750924775, 'e': 0.0018706675963351526}",20,12,11.43349834954447,"{0: 8, 1: 0, 2: 0, 3: 0, 4: 0}",1
626,False,"{'a': 0.5905952881029224, 'e': 0.001851960920371801}",20,10,16.858255893611783,"{0: 10, 1: 0, 2: 0, 3: 0, 4: 0}",1
627,False,"{'a': 0.5893841722742182, 'e': 0.001833441311168083}",25,9,28.80572061301473,"{0: 16, 1: 0, 2: 0, 3: 0, 4: 0}",1
628,False,"{'a': 0.588171730331375, 'e': 0.0018151068980564022}",20,3,31.530033817023284,"{0: 17, 1: 0, 2: 0, 3: 0, 4: 0}",1
629,False,"{'a': 0.5869579650023867, 'e': 0.001796955829075838}",20,11,17.449066756801308,"{0: 9, 1: 0, 2: 0, 3: 0, 4: 0}",1
630,False,"{'a': 0.5857428790182249, 'e': 0.0017789862707850797}",25,12,23.634735347236084,"{0: 13, 1: 0, 2: 0, 3: 0, 4: 0}",1
631,False,"{'a': 0.5845264751128323, 'e': 0.001761196408077229}",25,15,21.077337513548926,"{0: 10, 1: 0, 2: 0, 3: 0, 4: 0}",1
632,False,"{'a': 0.5833087560231173, 'e': 0.0017435844439964566}",25,8,31.18910088240826,"{0: 17, 1: 0, 2: 0, 3: 0, 4: 0}",1
633,False,"{'a': 0.5820897244889474, 'e': 0.001726148599556492}",35,13,38.67974945282222,"{0: 22, 1: 0, 2: 0, 3: 0, 4: 0}",1
634,False,"{'a': 0.5808693832531429, 'e': 0.001708887113560927}",20,15,10.3764218442024,"{0: 5, 1: 0, 2: 0, 3: 0, 4: 0}",1
635,False,"{'a': 0.5796477350614712, 'e': 0.0016917982424253177}",20,16,7.656705167745168,"{0: 4, 1: 0, 2: 0, 3: 0, 4: 0}",1
636,False,"{'a': 0.57842478266264, 'e': 0.0016748802600010646}",20,14,9.892685683683792,"{0: 6, 1: 0, 2: 0, 3: 0, 4: 0}",1
637,False,"{'a': 0.577200528808292, 'e': 0.0016581314574010539}",30,20,18.674501724519338,"{0: 10, 1: 0, 2: 0, 3: 0, 4: 0}",1
638,False,"{'a': 0.5759749762529975, 'e': 0.0016415501428270432}",30,17,23.44971451115218,"{0: 13, 1: 0, 2: 0, 3: 0, 4: 0}",1
639,False,"{'a': 0.5747481277542495, 'e': 0.001625134641398773}",30,22,14.669995360216722,"{0: 8, 1: 0, 2: 0, 3: 0, 4: 0}",1
640,False,"{'a': 0.5735199860724567, 'e': 0.001608883294984785}",20,16,8.807628412577088,"{0: 4, 1: 0, 2: 0, 3: 0, 4: 0}",1
641,False,"{'a': 0.572290553970937, 'e': 0.0015927944620349372}",25,18,14.474843020752179,"{0: 7, 1: 0, 2: 0, 3: 0, 4: 0}",1
642,False,"{'a': 0.5710598342159124, 'e': 0.0015768665174145879}",25,13,21.36848082243978,"{0: 12, 1: 0, 2: 0, 3: 0, 4: 0}",1
643,False,"{'a': 0.5698278295765017, 'e': 0.001561097852240442}",20,16,8.928281407191726,"{0: 4, 1: 0, 2: 0, 3: 0, 4: 0}",1
644,False,"{'a': 0.5685945428247148, 'e': 0.0015454868737180376}",30,23,13.312009298001547,"{0: 7, 1: 0, 2: 0, 3: 0, 4: 0}",1
645,False,"{'a': 0.5673599767354465, 'e': 0.0015300320049808573}",35,27,16.46975384441098,"{0: 8, 1: 0, 2: 0, 3: 0, 4: 0}",1
646,False,"{'a': 0.5661241340864698, 'e': 0.0015147316849310486}",20,11,16.116919540340657,"{0: 9, 1: 0, 2: 0, 3: 0, 4: 0}",1
647,False,"{'a': 0.5648870176584303, 'e': 0.001499584368081738}",20,10,18.776696694674694,"{0: 10, 1: 0, 2: 0, 3: 0, 4: 0}",1
648,False,"{'a': 0.5636486302348394, 'e': 0.0014845885244009207}",20,9,19.145777410970698,"{0: 11, 1: 0, 2: 0, 3: 0, 4: 0}",1
649,False,"{'a': 0.5624089746020682, 'e': 0.0014697426391569114}",20,15,9.520718014787677,"{0: 5, 1: 0, 2: 0, 3: 0, 4: 0}",1
650,False,"{'a': 0.5611680535493414, 'e': 0.0014550452127653423}",20,16,6.912724311581,"{0: 4, 1: 0, 2: 0, 3: 0, 4: 0}",1
651,False,"{'a': 0.5599258698687309, 'e': 0.001440494760637689}",20,11,16.548488107070618,"{0: 9, 1: 0, 2: 0, 3: 0, 4: 0}",1
652,False,"{'a': 0.5586824263551494, 'e': 0.001426089813031312}",25,13,22.48374782710735,"{0: 12, 1: 0, 2: 0, 3: 0, 4: 0}",1
653,False,"{'a': 0.5574377258063443, 'e': 0.0014118289149009989}",25,15,20.959579982223378,"{0: 10, 1: 0, 2: 0, 3: 0, 4: 0}",1
654,False,"{'a': 0.5561917710228914, 'e': 0.0013977106257519888}",25,18,10.985013309515656,"{0: 7, 1: 0, 2: 0, 3: 0, 4: 0}",1
655,False,"{'a': 0.5549445648081882, 'e': 0.001383733519494469}",20,6,24.496017928171764,"{0: 14, 1: 0, 2: 0, 3: 0, 4: 0}",1
656,False,"{'a': 0.5536961099684484, 'e': 0.0013698961842995242}",20,12,14.337232499133297,"{0: 8, 1: 0, 2: 0, 3: 0, 4: 0}",1
657,False,"{'a': 0.5524464093126946, 'e': 0.001356197222456529}",20,7,23.895028224938024,"{0: 13, 1: 0, 2: 0, 3: 0, 4: 0}",1
658,False,"{'a': 0.5511954656527531, 'e': 0.0013426352502319636}",20,8,22.814982708266058,"{0: 12, 1: 0, 2: 0, 3: 0, 4: 0}",1
659,False,"{'a': 0.5499432818032464, 'e': 0.001329208897729644}",30,16,25.52575854032554,"{0: 14, 1: 0, 2: 0, 3: 0, 4: 0}",1
660,False,"{'a': 0.5486898605815875, 'e': 0.0013159168087523475}",25,18,14.685398365621955,"{0: 7, 1: 0, 2: 0, 3: 0, 4: 0}",1
661,False,"{'a': 0.5474352048079739, 'e': 0.0013027576406648242}",20,15,9.089306536798412,"{0: 5, 1: 0, 2: 0, 3: 0, 4: 0}",1
662,False,"{'a': 0.5461793173053804, 'e': 0.0012897300642581758}",30,22,16.465377999383257,"{0: 8, 1: 0, 2: 0, 3: 0, 4: 0}",1
663,False,"{'a': 0.5449222008995533, 'e': 0.001276832763615594}",30,18,25.371950884644377,"{0: 12, 1: 0, 2: 0, 3: 0, 4: 0}",1
664,False,"{'a': 0.5436638584190042, 'e': 0.0012640644359794382}",25,17,16.614972554464085,"{0: 8, 1: 0, 2: 0, 3: 0, 4: 0}",1
665,False,"{'a': 0.542404292695003, 'e': 0.0012514237916196437}",20,14,12.491924168051359,"{0: 6, 1: 0, 2: 0, 3: 0, 4: 0}",1
666,False,"{'a': 0.5411435065615721, 'e': 0.0012389095537034473}",20,11,15.602372577771815,"{0: 9, 1: 0, 2: 0, 3: 0, 4: 0}",1
667,False,"{'a': 0.5398815028554796, 'e': 0.0012265204581664128}",25,0,36.10510838017692,"{0: 25, 1: 0, 2: 0, 3: 0, 4: 0}",0
668,False,"{'a': 0.5386182844162335, 'e': 0.0012142552535847487}",20,11,20.782126857042815,"{0: 9, 1: 0, 2: 0, 3: 0, 4: 0}",1
669,False,"{'a': 0.5373538540860746, 'e': 0.0012021127010489012}",25,10,28.460999703293258,"{0: 15, 1: 0, 2: 0, 3: 0, 4: 0}",1
670,False,"{'a': 0.5360882147099707, 'e': 0.0011900915740384122}",25,16,20.001720781900524,"{0: 9, 1: 0, 2: 0, 3: 0, 4: 0}",1
671,False,"{'a': 0.5348213691356102, 'e': 0.001178190658298028}",20,6,27.376133243023236,"{0: 14, 1: 0, 2: 0, 3: 0, 4: 0}",1
672,False,"{'a': 0.5335533202133944, 'e': 0.0011664087517150477}",20,11,15.284028724993421,"{0: 9, 1: 0, 2: 0, 3: 0, 4: 0}",1
673,False,"{'a': 0.5322840707964333, 'e': 0.0011547446641978973}",20,10,16.20805455933309,"{0: 10, 1: 0, 2: 0, 3: 0, 4: 0}",1
674,False,"{'a': 0.5310136237405375, 'e': 0.0011431972175559183}",30,17,28.11645881448002,"{0: 13, 1: 0, 2: 0, 3: 0, 4: 0}",1
675,False,"{'a': 0.5297419819042124, 'e': 0.0011317652453803591}",25,0,46.09211609409043,"{0: 25, 1: 0, 2: 0, 3: 0, 4: 0}",0
676,False,"{'a': 0.5284691481486513, 'e': 0.0011204475929265554}",30,21,18.96520078744186,"{0: 9, 1: 0, 2: 0, 3: 0, 4: 0}",1
677,False,"{'a': 0.5271951253377299, 'e': 0.0011092431169972899}",20,6,25.67849075876265,"{0: 14, 1: 0, 2: 0, 3: 0, 4: 0}",1
678,False,"{'a': 0.525919916337999, 'e': 0.001098150685827317}",20,7,23.34609112685749,"{0: 13, 1: 0, 2: 0, 3: 0, 4: 0}",1
679,False,"{'a': 0.5246435240186782, 'e': 0.0010871691789690438}",25,15,16.12217422087065,"{0: 10, 1: 0, 2: 0, 3: 0, 4: 0}",1
680,False,"{'a': 0.5233659512516495, 'e': 0.0010762974871793534}",20,11,15.965709713888518,"{0: 9, 1: 0, 2: 0, 3: 0, 4: 0}",1
681,False,"{'a': 0.5220872009114514, 'e': 0.0010655345123075598}",35,22,25.402703847485725,"{0: 13, 1: 0, 2: 0, 3: 0, 4: 0}",1
682,False,"{'a': 0.5208072758752714, 'e': 0.0010548791671844842}",25,17,15.228130608400702,"{0: 8, 1: 0, 2: 0, 3: 0, 4: 0}",1
683,False,"{'a': 0.5195261790229407, 'e': 0.0010443303755126394}",30,16,26.240426086340356,"{0: 14, 1: 0, 2: 0, 3: 0, 4: 0}",1
684,False,"{'a': 0.5182439132369261, 'e': 0.001033887071757513}",25,12,23.110548587795385,"{0: 13, 1: 0, 2: 0, 3: 0, 4: 0}",1
685,False,"{'a': 0.5169604814023254, 'e': 0.0010235482010399377}",20,6,28.950626405232995,"{0: 14, 1: 0, 2: 0, 3: 0, 4: 0}",1
686,False,"{'a': 0.5156758864068598, 'e': 0.0010133127190295385}",25,17,14.05949517908091,"{0: 8, 1: 0, 2: 0, 3: 0, 4: 0}",1
687,False,"{'a': 0.5143901311408672, 'e': 0.001003179591839243}",20,9,18.561608078634016,"{0: 11, 1: 0, 2: 0, 3: 0, 4: 0}",1
688,False,"{'a': 0.5131032184972965, 'e': 0.0009931477959208507}",20,13,12.904378176944986,"{0: 7, 1: 0, 2: 0, 3: 0, 4: 0}",1
1,True,"{'a': 0, 'e': 0}",20,5,26.03723364816258,"{0: 15, 1: 0, 2: 0, 3: 0, 4: 0}",1
2,True,"{'a': 0, 'e': 0}",20,14,10.8055755661535,"{0: 6, 1: 0, 2: 0, 3: 0, 4: 0}",1
3,True,"{'a': 0, 'e': 0}",20,0,32.525906601029604,"{0: 20, 1: 0, 2: 0, 3: 0, 4: 0}",1
4,True,"{'a': 0, 'e': 0}",20,9,21.4261387763162,"{0: 11, 1: 0, 2: 0, 3: 0, 4: 0}",1
5,True,"{'a': 0, 'e': 0}",25,11,26.520471852685034,"{0: 14, 1: 0, 2: 0, 3: 0, 4: 0}",1
6,True,"{'a': 0, 'e': 0}",20,12,16.088326987738238,"{0: 8, 1: 0, 2: 0, 3: 0, 4: 0}",1
7,True,"{'a': 0, 'e': 0}",20,6,26.157806524497218,"{0: 14, 1: 0, 2: 0, 3: 0, 4: 0}",1
8,True,"{'a': 0, 'e': 0}",25,16,16.832489712745886,"{0: 9, 1: 0, 2: 0, 3: 0, 4: 0}",1
9,True,"{'a': 0, 'e': 0}",20,11,19.69430179865808,"{0: 9, 1: 0, 2: 0, 3: 0, 4: 0}",1
10,True,"{'a': 0, 'e': 0}",20,12,13.401008832740775,"{0: 8, 1: 0, 2: 0, 3: 0, 4: 0}",1
11,True,"{'a': 0, 'e': 0}",30,16,27.829015475978125,"{0: 14, 1: 0, 2: 0, 3: 0, 4: 0}",1
12,True,"{'a': 0, 'e': 0}",20,12,13.356817552329527,"{0: 8, 1: 0, 2: 0, 3: 0, 4: 0}",1
13,True,"{'a': 0, 'e': 0}",30,15,28.43549552268837,"{0: 15, 1: 0, 2: 0, 3: 0, 4: 0}",1
14,True,"{'a': 0, 'e': 0}",20,7,19.823856297174697,"{0: 13, 1: 0, 2: 0, 3: 0, 4: 0}",1
15,True,"{'a': 0, 'e': 0}",20,6,26.17825912575876,"{0: 14, 1: 0, 2: 0, 3: 0, 4: 0}",1
16,True,"{'a': 0, 'e': 0}",25,15,22.84720318107259,"{0: 10, 1: 0, 2: 0, 3: 0, 4: 0}",1
17,True,"{'a': 0, 'e': 0}",20,6,26.858407148776173,"{0: 14, 1: 0, 2: 0, 3: 0, 4: 0}",1
18,True,"{'a': 0, 'e': 0}",20,6,28.335248062144313,"{0: 14, 1: 0, 2: 0, 3: 0, 4: 0}",1
19,True,"{'a': 0, 'e': 0}",20,8,21.58589329257039,"{0: 12, 1: 0, 2: 0, 3: 0, 4: 0}",1
20,True,"{'a': 0, 'e': 0}",20,14,12.382057869706848,"{0: 6, 1: 0, 2: 0, 3: 0, 4: 0}",1
21,True,"{'a': 0, 'e': 0}",20,7,26.035646199214185,"{0: 13, 1: 0, 2: 0, 3: 0, 4: 0}",1
22,True,"{'a': 0, 'e': 0}",25,17,15.639622433071033,"{0: 8, 1: 0, 2: 0, 3: 0, 4: 0}",1
23,True,"{'a': 0, 'e': 0}",20,14,12.365583321527845,"{0: 6, 1: 0, 2: 0, 3: 0, 4: 0}",1
24,True,"{'a': 0, 'e': 0}",20,1,28.523658196186684,"{0: 19, 1: 0, 2: 0, 3: 0, 4: 0}",1
25,True,"{'a': 0, 'e': 0}",30,16,26.133426800828186,"{0: 14, 1: 0, 2: 0, 3: 0, 4: 0}",1
26,True,"{'a': 0, 'e': 0}",20,8,24.144364054303566,"{0: 12, 1: 0, 2: 0, 3: 0, 4: 0}",1
27,True,"{'a': 0, 'e': 0}",25,17,14.556397966894432,"{0: 8, 1: 0, 2: 0, 3: 0, 4: 0}",1
28,True,"{'a': 0, 'e': 0}",20,12,17.77668655185112,"{0: 8, 1: 0, 2: 0, 3: 0, 4: 0}",1
29,True,"{'a': 0, 'e': 0}",25,11,26.443281901070154,"{0: 14, 1: 0, 2: 0, 3: 0, 4: 0}",1
30,True,"{'a': 0, 'e': 0}",35,24,21.264906629646624,"{0: 11, 1: 0, 2: 0, 3: 0, 4: 0}",1
31,True,"{'a': 0, 'e': 0}",25,17,16.77727891779418,"{0: 8, 1: 0, 2: 0, 3: 0, 4: 0}",1
32,True,"{'a': 0, 'e': 0}",20,8,26.26419706652648,"{0: 12, 1: 0, 2: 0, 3: 0, 4: 0}",1
33,True,"{'a': 0, 'e': 0}",20,3,28.972889220698722,"{0: 17, 1: 0, 2: 0, 3: 0, 4: 0}",1
34,True,"{'a': 0, 'e': 0}",20,3,29.811621722598755,"{0: 17, 1: 0, 2: 0, 3: 0, 4: 0}",1
35,True,"{'a': 0, 'e': 0}",25,19,12.371105724865647,"{0: 6, 1: 0, 2: 0, 3: 0, 4: 0}",1
36,True,"{'a': 0, 'e': 0}",30,15,28.233475887861633,"{0: 15, 1: 0, 2: 0, 3: 0, 4: 0}",1
37,True,"{'a': 0, 'e': 0}",20,11,17.0064979846426,"{0: 9, 1: 0, 2: 0, 3: 0, 4: 0}",1
38,True,"{'a': 0, 'e': 0}",20,13,12.324498552465608,"{0: 7, 1: 0, 2: 0, 3: 0, 4: 0}",1
39,True,"{'a': 0, 'e': 0}",25,14,22.648246184458266,"{0: 11, 1: 0, 2: 0, 3: 0, 4: 0}",1
40,True,"{'a': 0, 'e': 0}",20,7,24.18272087958471,"{0: 13, 1: 0, 2: 0, 3: 0, 4: 0}",1
41,True,"{'a': 0, 'e': 0}",30,16,24.925389047402117,"{0: 14, 1: 0, 2: 0, 3: 0, 4: 0}",1
42,True,"{'a': 0, 'e': 0}",20,12,16.018707304968675,"{0: 8, 1: 0, 2: 0, 3: 0, 4: 0}",1
43,True,"{'a': 0, 'e': 0}",30,15,29.70535440829797,"{0: 15, 1: 0, 2: 0, 3: 0, 4: 0}",1
44,True,"{'a': 0, 'e': 0}",30,18,26.336403650116345,"{0: 12, 1: 0, 2: 0, 3: 0, 4: 0}",1
45,True,"{'a': 0, 'e': 0}",30,13,35.86073283520139,"{0: 17, 1: 0, 2: 0, 3: 0, 4: 0}",1
46,True,"{'a': 0, 'e': 0}",25,12,22.97565719384622,"{0: 13, 1: 0, 2: 0, 3: 0, 4: 0}",1
47,True,"{'a': 0, 'e': 0}",20,9,21.929527818420347,"{0: 11, 1: 0, 2: 0, 3: 0, 4: 0}",1
48,True,"{'a': 0, 'e': 0}",25,7,33.612572399565245,"{0: 18, 1: 0, 2: 0, 3: 0, 4: 0}",1
49,True,"{'a': 0, 'e': 0}",35,11,44.55071683333709,"{0: 24, 1: 0, 2: 0, 3: 0, 4: 0}",1
50,True,"{'a': 0, 'e': 0}",25,12,26.20263406460796,"{0: 13, 1: 0, 2: 0, 3: 0, 4: 0}",1
51,True,"{'a': 0, 'e': 0}",25,9,29.488178542741366,"{0: 16, 1: 0, 2: 0, 3: 0, 4: 0}",1
52,True,"{'a': 0, 'e': 0}",20,6,27.840819665860057,"{0: 14, 1: 0, 2: 0, 3: 0, 4: 0}",1
53,True,"{'a': 0, 'e': 0}",20,8,23.787313907463595,"{0: 12, 1: 0, 2: 0, 3: 0, 4: 0}",1
54,True,"{'a': 0, 'e': 0}",20,12,16.754817661756547,"{0: 8, 1: 0, 2: 0, 3: 0, 4: 0}",1
55,True,"{'a': 0, 'e': 0}",30,16,27.443156186230905,"{0: 14, 1: 0, 2: 0, 3: 0, 4: 0}",1
56,True,"{'a': 0, 'e': 0}",30,19,19.84438946147538,"{0: 11, 1: 0, 2: 0, 3: 0, 4: 0}",1
57,True,"{'a': 0, 'e': 0}",30,16,25.26196280658864,"{0: 14, 1: 0, 2: 0, 3: 0, 4: 0}",1
58,True,"{'a': 0, 'e': 0}",30,16,24.179747997563094,"{0: 14, 1: 0, 2: 0, 3: 0, 4: 0}",1
59,True,"{'a': 0, 'e': 0}",25,16,16.52406526953159,"{0: 9, 1: 0, 2: 0, 3: 0, 4: 0}",1
60,True,"{'a': 0, 'e': 0}",20,14,12.840159151707184,"{0: 6, 1: 0, 2: 0, 3: 0, 4: 0}",1
61,True,"{'a': 0, 'e': 0}",20,9,16.59759052274763,"{0: 11, 1: 0, 2: 0, 3: 0, 4: 0}",1
62,True,"{'a': 0, 'e': 0}",30,18,22.656950092590186,"{0: 12, 1: 0, 2: 0, 3: 0, 4: 0}",1
63,True,"{'a': 0, 'e': 0}",25,7,34.661666930385614,"{0: 18, 1: 0, 2: 0, 3: 0, 4: 0}",1
64,True,"{'a': 0, 'e': 0}",30,19,20.702054135793926,"{0: 11, 1: 0, 2: 0, 3: 0, 4: 0}",1
65,True,"{'a': 0, 'e': 0}",25,15,17.222877069638297,"{0: 10, 1: 0, 2: 0, 3: 0, 4: 0}",1
66,True,"{'a': 0, 'e': 0}",20,12,16.047569349408285,"{0: 8, 1: 0, 2: 0, 3: 0, 4: 0}",1
67,True,"{'a': 0, 'e': 0}",20,9,21.913532624927438,"{0: 11, 1: 0, 2: 0, 3: 0, 4: 0}",1
68,True,"{'a': 0, 'e': 0}",20,12,15.9143955048747,"{0: 8, 1: 0, 2: 0, 3: 0, 4: 0}",1
69,True,"{'a': 0, 'e': 0}",25,14,20.083199748765733,"{0: 11, 1: 0, 2: 0, 3: 0, 4: 0}",1
70,True,"{'a': 0, 'e': 0}",25,13,24.999103825376356,"{0: 12, 1: 0, 2: 0, 3: 0, 4: 0}",1
71,True,"{'a': 0, 'e': 0}",20,9,23.010697244394436,"{0: 11, 1: 0, 2: 0, 3: 0, 4: 0}",1
72,True,"{'a': 0, 'e': 0}",30,15,26.191320458374545,"{0: 15, 1: 0, 2: 0, 3: 0, 4: 0}",1
73,True,"{'a': 0, 'e': 0}",20,5,25.680571030321232,"{0: 15, 1: 0, 2: 0, 3: 0, 4: 0}",1
74,True,"{'a': 0, 'e': 0}",25,12,25.714948135774947,"{0: 13, 1: 0, 2: 0, 3: 0, 4: 0}",1
75,True,"{'a': 0, 'e': 0}",25,16,19.60410150384331,"{0: 9, 1: 0, 2: 0, 3: 0, 4: 0}",1
76,True,"{'a': 0, 'e': 0}",30,16,28.911051662927587,"{0: 14, 1: 0, 2: 0, 3: 0, 4: 0}",1
77,True,"{'a': 0, 'e': 0}",25,20,9.780888420017881,"{0: 5, 1: 0, 2: 0, 3: 0, 4: 0}",1
78,True,"{'a': 0, 'e': 0}",35,27,14.095342851187084,"{0: 8, 1: 0, 2: 0, 3: 0, 4: 0}",1
79,True,"{'a': 0, 'e': 0}",20,8,24.215371250553208,"{0: 12, 1: 0, 2: 0, 3: 0, 4: 0}",1
80,True,"{'a': 0, 'e': 0}",25,12,24.13380300192702,"{0: 13, 1: 0, 2: 0, 3: 0, 4: 0}",1
81,True,"{'a': 0, 'e': 0}",35,13,42.58461404367508,"{0: 22, 1: 0, 2: 0, 3: 0, 4: 0}",1
82,True,"{'a': 0, 'e': 0}",30,12,31.186476338092632,"{0: 18, 1: 0, 2: 0, 3: 0, 4: 0}",1
83,True,"{'a': 0, 'e': 0}",20,12,14.557385363194879,"{0: 8, 1: 0, 2: 0, 3: 0, 4: 0}",1
84,True,"{'a': 0, 'e': 0}",20,10,19.635345288205226,"{0: 10, 1: 0, 2: 0, 3: 0, 4: 0}",1
85,True,"{'a': 0, 'e': 0}",25,15,18.809815831784743,"{0: 10, 1: 0, 2: 0, 3: 0, 4: 0}",1
86,True,"{'a': 0, 'e': 0}",30,17,25.40061143858348,"{0: 13, 1: 0, 2: 0, 3: 0, 4: 0}",1
87,True,"{'a': 0, 'e': 0}",25,10,26.001504809452488,"{0: 15, 1: 0, 2: 0, 3: 0, 4: 0}",1
88,True,"{'a': 0, 'e': 0}",20,12,14.324879434103686,"{0: 8, 1: 0, 2: 0, 3: 0, 4: 0}",1
89,True,"{'a': 0, 'e': 0}",20,13,15.387463117821413,"{0: 7, 1: 0, 2: 0, 3: 0, 4: 0}",1
90,True,"{'a': 0, 'e': 0}",25,13,23.285782205324715,"{0: 12, 1: 0, 2: 0, 3: 0, 4: 0}",1
91,True,"{'a': 0, 'e': 0}",25,10,27.097280848980702,"{0: 15, 1: 0, 2: 0, 3: 0, 4: 0}",1
92,True,"{'a': 0, 'e': 0}",20,12,14.268743675175752,"{0: 8, 1: 0, 2: 0, 3: 0, 4: 0}",1
93,True,"{'a': 0, 'e': 0}",25,4,33.49618536032937,"{0: 21, 1: 0, 2: 0, 3: 0, 4: 0}",1
94,True,"{'a': 0, 'e': 0}",25,13,21.502509869427,"{0: 12, 1: 0, 2: 0, 3: 0, 4: 0}",1
95,True,"{'a': 0, 'e': 0}",20,16,6.793894633520586,"{0: 4, 1: 0, 2: 0, 3: 0, 4: 0}",1
96,True,"{'a': 0, 'e': 0}",25,11,25.90260503157438,"{0: 14, 1: 0, 2: 0, 3: 0, 4: 0}",1
97,True,"{'a': 0, 'e': 0}",25,17,15.981451632186854,"{0: 8, 1: 0, 2: 0, 3: 0, 4: 0}",1
98,True,"{'a': 0, 'e': 0}",20,9,18.203786317544434,"{0: 11, 1: 0, 2: 0, 3: 0, 4: 0}",1
99,True,"{'a': 0, 'e': 0}",25,10,24.99526950370655,"{0: 15, 1: 0, 2: 0, 3: 0, 4: 0}",1
100,True,"{'a': 0, 'e': 0}",20,9,20.920904849419557,"{0: 11, 1: 0, 2: 0, 3: 0, 4: 0}",1
